"keys","vals"
"a",1410
"aaron",0
"ab",0
"abandoned",2
"abc",1
"abilities",2
"ability",10
"able",20
"aboard",1
"abortion",2
"about",359
"above",10
"abraham",0
"abroad",4
"absence",1
"absolute",4
"absolutely",16
"abstract",1
"absurd",2
"abuse",8
"abused",2
"ac",1
"academic",4
"academy",2
"accent",5
"accept",12
"acceptable",4
"acceptance",0
"accepted",7
"accepting",1
"access",18
"accessible",5
"accessories",2
"accident",5
"accidentally",2
"accidents",1
"accommodate",1
"accompanied",1
"accomplish",2
"accomplished",3
"accomplishment",3
"accomplishments",2
"according",10
"account",13
"accountability",1
"accountable",0
"accounting",2
"accounts",3
"accurate",4
"accusations",1
"accused",2
"ace",2
"achieve",7
"achieved",2
"achievement",3
"acid",0
"acknowledge",3
"acknowledged",0
"acoustic",2
"acquired",4
"acquisition",2
"acre",1
"acres",0
"across",22
"act",27
"acted",3
"acting",17
"action",19
"actions",7
"active",9
"actively",2
"activist",1
"activists",0
"activities",6
"activity",9
"actor",5
"actors",4
"actress",3
"acts",5
"actual",10
"actually",45
"ad",8
"adam",4
"adams",3
"adapted",0
"add",16
"added",18
"addicted",4
"addiction",5
"adding",10
"addition",5
"additional",5
"address",11
"addressed",1
"addresses",1
"addressing",0
"adds",3
"adele",0
"adjust",1
"adjusted",1
"adjustment",3
"administration",4
"administrative",0
"administrator",0
"administrators",0
"admire",2
"admission",4
"admit",5
"admitted",1
"adopt",1
"adopted",3
"adoption",2
"adorable",1
"adore",1
"ads",5
"adult",7
"adults",11
"advance",3
"advanced",6
"advantage",12
"adventure",7
"adventures",1
"advertising",7
"advice",13
"advised",1
"advisory",0
"advocacy",2
"advocate",4
"advocates",0
"affair",2
"affairs",3
"affect",8
"affected",8
"affecting",1
"affection",2
"affects",2
"afford",5
"affordable",4
"afghan",1
"afghanistan",7
"afraid",10
"africa",7
"african",7
"after",207
"afternoon",18
"afterward",0
"afterwards",0
"again",77
"against",73
"age",31
"aged",1
"agencies",5
"agency",8
"agenda",2
"agent",6
"agents",5
"ages",6
"aggravated",1
"aggressive",5
"aging",2
"ago",13
"agree",15
"agreed",8
"agreement",4
"agreements",1
"agrees",2
"agricultural",1
"agriculture",1
"ah",0
"aha",0
"ahead",24
"ahh",0
"aid",6
"aide",2
"aids",1
"aim",2
"aimed",0
"aint",10
"air",15
"aircraft",1
"airline",2
"airlines",3
"airplane",2
"airport",4
"airports",1
"aj",0
"aka",0
"akron",1
"al",8
"ala",0
"alabama",6
"alan",0
"alarm",3
"alas",1
"alaska",2
"albeit",0
"albert",0
"album",13
"albums",3
"alcohol",11
"aldridge",0
"ale",3
"alert",4
"alex",7
"alexander",0
"ali",0
"alice",0
"alien",1
"alike",1
"alive",11
"all",325
"allegations",0
"alleged",1
"allegedly",1
"allen",5
"alley",3
"alliance",2
"allies",1
"allow",14
"allowed",14
"allowing",5
"allows",5
"allstar",2
"alltime",3
"ally",0
"almost",49
"alone",22
"along",35
"alongside",0
"already",51
"alright",1
"also",59
"alter",2
"alternate",1
"alternative",5
"alternatives",0
"although",9
"altogether",0
"always",54
"am",41
"amanda",1
"amateur",2
"amazed",5
"amazing",26
"amazingly",2
"amazon",7
"ambassador",1
"amber",2
"ambitious",3
"ambulance",2
"amen",3
"amendment",6
"america",17
"american",28
"americans",13
"americas",8
"amid",0
"among",8
"amongst",0
"amount",15
"amounts",0
"amy",1
"an",286
"ana",0
"analysis",3
"analyst",1
"analysts",0
"anchor",2
"ancient",5
"and",4032
"anderson",0
"andor",0
"andre",0
"andrea",0
"andrew",2
"android",6
"andy",1
"angel",1
"angela",0
"angeles",1
"angels",4
"anger",6
"angle",3
"angry",11
"animal",10
"animals",8
"animated",1
"ankle",3
"ann",3
"anna",1
"anne",4
"annie",0
"anniversary",5
"announce",5
"announced",8
"announcement",2
"announces",0
"announcing",1
"annoyed",0
"annoying",5
"annual",12
"annually",0
"anonymous",4
"another",88
"answer",23
"answered",5
"answering",1
"answers",8
"anthem",2
"anthony",6
"anticipated",2
"anticipation",2
"antique",1
"antonio",1
"anxiety",3
"anxious",2
"any",117
"anybody",9
"anymore",6
"anyone",46
"anything",71
"anytime",1
"anyway",8
"anywhere",7
"ap",3
"apart",11
"apartment",6
"apartments",2
"apologies",1
"apologize",2
"apology",3
"app",9
"apparent",4
"apparently",8
"appeal",5
"appealing",2
"appeals",0
"appear",7
"appearance",2
"appearances",0
"appeared",4
"appearing",0
"appears",4
"applause",1
"apple",11
"apples",4
"application",4
"applications",2
"applied",4
"applies",4
"apply",8
"applying",2
"appointed",2
"appointment",2
"appointments",0
"appreciate",13
"appreciated",3
"appreciation",3
"approach",8
"approached",0
"approaches",0
"approaching",3
"appropriate",10
"approval",2
"approve",3
"approved",3
"approximately",2
"apps",3
"april",30
"apt",0
"arab",2
"arc",0
"architect",2
"architects",1
"architecture",4
"archives",1
"are",552
"area",27
"areas",10
"arena",2
"arent",18
"argue",10
"arguing",2
"argument",5
"arguments",1
"arizona",6
"arizonas",0
"arkansas",0
"arm",9
"armed",5
"arms",10
"army",5
"arnold",0
"around",122
"arranged",2
"arrangement",1
"arrangements",1
"array",2
"arrest",6
"arrested",7
"arrests",1
"arrival",3
"arrive",6
"arrived",8
"arrives",1
"arriving",1
"arsenal",4
"art",26
"arthur",1
"article",9
"articles",4
"artist",4
"artistic",2
"artists",12
"arts",12
"artwork",2
"as",683
"ash",1
"ashamed",2
"ashley",1
"asia",5
"asian",6
"aside",4
"ask",28
"asked",32
"asking",22
"asks",5
"asleep",9
"asparagus",1
"aspect",4
"aspects",2
"ass",4
"assault",4
"assembled",1
"assembly",2
"assess",1
"assessment",3
"asset",1
"assets",0
"assigned",0
"assignment",1
"assist",4
"assistance",4
"assistant",7
"assists",1
"associate",1
"associated",1
"associates",2
"association",6
"associations",0
"assume",5
"assumed",1
"assuming",0
"assured",1
"at",1024
"ate",5
"athlete",1
"athletes",2
"athletic",3
"athletics",1
"atl",0
"atlanta",4
"atlantic",4
"atmosphere",2
"atop",0
"att",0
"attached",2
"attack",7
"attacked",2
"attacking",0
"attacks",3
"attempt",8
"attempted",2
"attempting",1
"attempts",1
"attend",7
"attendance",2
"attended",4
"attendees",1
"attending",8
"attention",21
"attitude",10
"attitudes",1
"attorney",4
"attorneys",2
"attract",1
"attracted",2
"attraction",3
"attractive",4
"auction",4
"audience",8
"audiences",0
"audio",4
"audit",1
"audition",2
"aug",0
"august",11
"aunt",3
"austin",6
"australia",6
"australian",2
"authentic",2
"author",6
"authorities",0
"authority",4
"authorized",1
"authors",4
"autism",6
"auto",2
"automatic",2
"automatically",2
"autumn",0
"av",0
"available",27
"ave",1
"avengers",1
"avenue",5
"average",11
"averaged",0
"averaging",0
"avery",0
"aviation",0
"avocado",2
"avoid",7
"avoided",2
"avoiding",3
"aw",0
"awaiting",1
"awake",8
"award",9
"awarded",3
"awards",6
"aware",10
"awareness",4
"away",101
"awe",1
"awesome",13
"awesomeness",1
"awful",5
"awhile",5
"awkward",4
"aww",0
"awww",0
"az",0
"b",14
"babe",1
"babies",5
"baby",23
"back",167
"backed",1
"background",4
"backgrounds",0
"backing",3
"backs",3
"backup",1
"backwards",1
"backyard",3
"bacon",6
"bacteria",1
"bad",62
"badass",0
"badge",1
"badly",6
"bag",14
"bags",8
"bail",3
"bailey",0
"bailout",0
"bake",2
"baked",4
"baker",0
"bakery",2
"baking",4
"balance",11
"balanced",2
"ball",9
"ballet",1
"ballot",1
"ballroom",0
"balls",4
"baltimore",4
"ban",3
"banana",4
"bananas",2
"band",17
"bands",10
"bang",2
"bank",11
"banking",0
"bankruptcy",2
"banks",4
"banned",2
"banner",3
"baptist",1
"bar",21
"barack",3
"barbara",1
"bare",3
"barely",8
"bargain",1
"bargaining",0
"barn",0
"barnes",2
"barrel",3
"barrett",0
"barrier",0
"barry",1
"bars",9
"base",10
"baseball",11
"based",18
"basement",2
"bases",2
"basic",10
"basically",10
"basics",2
"basil",3
"basis",5
"basket",3
"basketball",10
"bass",4
"bat",5
"batch",1
"bath",6
"bathroom",3
"batman",0
"bats",1
"batter",1
"battery",4
"batting",0
"battle",9
"battles",1
"battling",1
"bay",11
"bb",2
"bbc",2
"bbq",1
"bc",0
"bd",1
"be",116
"beach",10
"beaches",2
"beads",0
"bean",4
"beans",10
"bear",8
"beard",3
"bearing",0
"bears",5
"beast",2
"beat",17
"beaten",4
"beating",4
"beats",3
"beautiful",22
"beautifully",1
"beauty",9
"became",9
"because",208
"become",33
"becomes",4
"becoming",12
"bed",14
"bedroom",5
"beds",0
"bee",2
"beef",8
"been",60
"beer",31
"beers",5
"bees",1
"before",151
"began",8
"begin",12
"beginning",10
"begins",7
"begun",6
"behalf",2
"behavior",7
"behind",40
"beijing",2
"being",94
"beings",1
"belgian",2
"belief",7
"beliefs",4
"believe",32
"believed",8
"believes",4
"believing",4
"bell",4
"bella",1
"bells",3
"belly",5
"belong",6
"belongs",2
"beloved",4
"below",9
"belt",3
"ben",6
"bench",4
"bend",5
"beneath",1
"benefit",9
"benefits",6
"benjamin",0
"bennett",0
"bent",2
"berkeley",0
"berlin",1
"berry",1
"beside",1
"besides",4
"best",48
"bet",8
"beta",0
"beth",1
"better",85
"betty",1
"between",66
"beverly",1
"beyond",15
"bias",1
"bible",2
"biblical",2
"bicycle",2
"bid",2
"bieber",1
"big",67
"bigger",13
"biggest",6
"bike",12
"bikes",3
"bill",13
"billion",13
"billions",0
"bills",6
"billy",3
"bin",4
"bio",0
"biology",4
"bird",5
"birds",3
"birth",12
"birthday",10
"biscuits",0
"bishop",2
"bit",12
"bitch",0
"bitches",0
"bite",5
"bites",0
"bits",1
"bitter",5
"biz",0
"bizarre",3
"black",39
"blackberry",2
"blacks",0
"blah",1
"blair",0
"blake",2
"blame",10
"blamed",1
"blank",3
"blanket",2
"blast",3
"blazers",0
"bleeding",1
"blend",4
"blended",2
"blender",1
"bless",2
"blessed",9
"blessing",2
"blessings",2
"blew",6
"blind",4
"block",6
"blocked",1
"blocking",0
"blocks",3
"blog",8
"blogger",3
"bloggers",0
"blogging",0
"blogs",2
"blonde",1
"blood",17
"bloody",2
"bloom",3
"blossom",2
"blow",7
"blowing",2
"blown",3
"blows",0
"blue",20
"blues",3
"blunt",0
"blvd",0
"bo",0
"board",17
"boards",1
"boat",4
"boats",1
"bob",9
"bobby",4
"bodies",4
"body",21
"boil",2
"bold",3
"bomb",5
"bombs",0
"bond",5
"bonds",2
"bone",3
"bones",4
"bonus",4
"boo",0
"boobs",0
"book",34
"booked",1
"booker",0
"booking",2
"books",31
"boom",2
"boost",2
"boot",2
"booth",2
"boots",6
"booze",2
"border",3
"borders",1
"bored",3
"boring",7
"born",12
"borrow",2
"borrowing",0
"boss",6
"boston",7
"both",64
"bother",5
"bothered",3
"bottle",9
"bottles",9
"bottom",6
"bought",20
"boulder",1
"boulevard",1
"bounce",2
"bound",5
"boundaries",1
"bourbon",2
"bout",0
"bow",3
"bowl",10
"bowling",3
"bowls",1
"box",7
"boxes",1
"boxing",0
"boy",18
"boyfriend",6
"boys",23
"bra",0
"bracket",0
"brad",4
"bradley",1
"brady",1
"brain",7
"brains",4
"branch",4
"branches",1
"brand",8
"brandon",0
"brands",3
"brass",2
"brave",2
"brazil",3
"bread",9
"break",25
"breakdown",2
"breakfast",12
"breaking",8
"breaks",4
"breast",6
"breath",6
"breathe",6
"breathing",0
"breeze",3
"brett",0
"brew",2
"brewer",1
"brewers",2
"brewery",1
"brewing",2
"brian",3
"brick",3
"bride",2
"bridge",8
"bridges",2
"brief",3
"briefly",2
"bright",7
"brilliant",5
"bring",29
"bringing",15
"brings",7
"britain",1
"british",4
"bro",0
"broad",6
"broadcast",3
"broader",2
"broadway",7
"broke",11
"broken",15
"broncos",1
"brooklyn",5
"brooks",3
"bros",1
"broth",0
"brother",14
"brothers",10
"brought",22
"brown",15
"browns",2
"bruce",3
"bruins",2
"brunch",3
"bruno",0
"brunswick",1
"brush",3
"brutal",2
"bryan",1
"bryant",1
"bs",0
"bubble",3
"buck",2
"bucket",2
"bucks",1
"bud",2
"buddies",0
"buddy",3
"budget",10
"budgets",0
"buds",1
"buffalo",6
"buffet",2
"bug",0
"bugs",1
"build",11
"building",26
"buildings",4
"built",13
"bulk",2
"bull",6
"bullet",3
"bullpen",1
"bulls",2
"bully",2
"bullying",2
"bump",3
"bumper",2
"bunch",2
"bunny",4
"burden",1
"bureau",1
"burger",2
"burgers",1
"burglary",0
"buried",2
"burn",6
"burned",7
"burning",6
"burns",2
"burnt",0
"burst",2
"bus",12
"buses",3
"bush",3
"business",51
"businesses",7
"businessman",1
"bust",3
"busy",15
"but",958
"butler",0
"butt",6
"butter",11
"butterflies",0
"butterfly",0
"button",4
"buttons",1
"buy",24
"buyer",2
"buyers",1
"buying",19
"buys",2
"buzz",2
"by",617
"bye",1
"c",12
"ca",2
"cab",2
"cabbage",2
"cabin",3
"cabinet",3
"cable",5
"cafe",3
"cage",3
"cain",3
"cake",12
"cakes",1
"cal",2
"calendar",4
"calif",0
"california",9
"californias",1
"call",59
"called",48
"calling",15
"calls",9
"calm",4
"calories",5
"cam",1
"came",36
"camera",10
"cameras",3
"cameron",1
"camp",11
"campaign",20
"campaigns",2
"campbell",0
"camping",2
"camps",1
"campus",7
"can",168
"canada",8
"canadian",2
"canal",1
"canceled",2
"cancelled",2
"cancer",16
"candidate",7
"candidates",4
"candle",1
"candles",0
"candy",8
"canned",1
"cannot",11
"cans",2
"cant",28
"canvas",3
"canyon",2
"cap",4
"capable",6
"capacity",2
"cape",3
"capital",7
"capitol",1
"caps",2
"captain",4
"capture",5
"captured",1
"car",28
"caramel",3
"carbon",0
"card",18
"cardinal",1
"cardinals",1
"cards",12
"care",48
"cared",3
"career",19
"careers",1
"careful",5
"carefully",1
"cares",6
"caribbean",2
"caring",3
"carl",1
"carlos",3
"carnival",2
"carol",0
"carolina",4
"carpenter",1
"carpet",2
"carried",7
"carrier",2
"carries",2
"carroll",1
"carrot",1
"carrots",2
"carry",9
"carrying",5
"cars",9
"carson",1
"cart",3
"carter",2
"cartoon",2
"case",24
"cases",5
"casey",0
"cash",14
"casino",3
"casinos",0
"cast",13
"casting",3
"castle",4
"casual",2
"cat",7
"catch",14
"catcher",0
"catches",0
"catching",3
"categories",1
"category",2
"cathedral",1
"catholic",3
"cats",9
"caught",16
"cause",21
"caused",8
"causes",5
"causing",2
"cave",4
"cb",1
"cbs",2
"cc",2
"cd",3
"cds",1
"cedar",0
"ceiling",3
"celebrate",7
"celebrated",2
"celebrating",6
"celebration",8
"celebrities",3
"celebrity",3
"cell",11
"cellphone",2
"cells",2
"celtics",2
"cemetery",1
"census",1
"cent",1
"center",33
"centers",1
"central",10
"centre",0
"cents",2
"centuries",1
"century",7
"ceo",3
"cereal",2
"ceremony",5
"certain",16
"certainly",18
"certificate",3
"certified",1
"ch",0
"chad",0
"chain",3
"chains",2
"chair",4
"chairman",1
"chairs",3
"challenge",12
"challenged",1
"challenges",8
"challenging",8
"chamber",2
"champ",0
"champagne",6
"champion",2
"champions",4
"championship",3
"championships",3
"chance",22
"chances",9
"chandler",1
"change",53
"changed",22
"changes",19
"changing",13
"channel",8
"channels",1
"chaos",1
"chapter",6
"chapters",0
"character",14
"characters",11
"charge",10
"charged",7
"chargers",0
"charges",5
"charging",3
"charity",4
"charles",9
"charlie",2
"charlotte",4
"charm",2
"charming",4
"chart",3
"charter",1
"charts",2
"chase",4
"chasing",1
"chat",7
"chatting",2
"cheap",9
"cheaper",3
"cheating",2
"check",26
"checked",3
"checking",5
"checks",4
"cheddar",0
"cheeks",1
"cheer",3
"cheering",1
"cheers",1
"cheese",21
"cheesecake",1
"cheesy",2
"chef",7
"chefs",1
"chelsea",2
"chemical",1
"chemicals",1
"chemistry",2
"chen",0
"cherry",4
"chest",4
"chi",0
"chic",1
"chicago",8
"chick",0
"chicken",13
"chickens",0
"chicks",1
"chief",5
"chiefs",1
"child",25
"childhood",10
"children",34
"childrens",11
"childs",2
"chile",1
"chili",3
"chill",2
"chilling",2
"china",9
"chinas",0
"chinese",9
"chip",3
"chips",8
"chocolate",10
"choice",25
"choices",17
"choir",1
"cholesterol",1
"choose",14
"choosing",4
"chop",3
"chopped",0
"chorus",2
"chose",8
"chosen",6
"chris",11
"christ",5
"christian",7
"christianity",1
"christians",2
"christie",0
"christies",0
"christina",1
"christmas",24
"christopher",2
"chronic",2
"chronicle",4
"chrysler",1
"chuck",1
"church",19
"churches",2
"cigarette",2
"cigarettes",1
"cincinnati",3
"cinco",1
"cindy",0
"cinema",1
"cinnamon",1
"circle",5
"circles",2
"circuit",2
"circumstances",5
"circus",2
"cited",0
"cities",7
"citing",0
"citizen",3
"citizens",6
"citrus",0
"city",42
"citys",2
"civic",1
"civil",7
"claim",10
"claimed",2
"claiming",1
"claims",5
"claire",3
"clarity",1
"clark",1
"class",42
"classes",12
"classic",7
"classical",1
"classics",1
"classroom",3
"classy",3
"clay",2
"clayton",0
"clean",12
"cleaned",4
"cleaning",6
"cleanup",2
"clear",26
"cleared",2
"clearing",2
"clearly",15
"cleveland",6
"clevelands",0
"clever",4
"click",7
"clicking",1
"client",7
"clients",13
"cliff",3
"climate",5
"climb",3
"climbed",0
"climbing",3
"clinic",5
"clinical",0
"clinton",2
"clip",1
"clippers",2
"clips",2
"clock",3
"close",48
"closed",18
"closely",4
"closer",17
"closes",0
"closest",1
"closet",4
"closing",8
"closure",0
"cloth",1
"clothes",8
"clothing",2
"cloud",4
"clouds",2
"cloudy",3
"club",22
"clubs",5
"clue",3
"clutch",0
"cmon",0
"cnn",1
"co",3
"coach",16
"coaches",6
"coaching",1
"coal",3
"coalition",1
"coast",5
"coastal",1
"coat",3
"coats",0
"cocktail",2
"cocktails",3
"cocoa",2
"coconut",4
"code",6
"codes",1
"cody",1
"coffee",19
"coincidence",1
"coke",3
"cold",25
"cole",1
"coleman",0
"colin",0
"collaboration",3
"collapse",4
"collapsed",0
"colleague",2
"colleagues",4
"collect",2
"collected",1
"collecting",1
"collection",6
"collections",1
"collective",4
"college",28
"colleges",3
"collins",2
"color",20
"colorado",7
"colored",2
"colorful",1
"coloring",1
"colors",7
"colour",0
"colours",0
"colts",2
"columbia",3
"columbus",4
"column",2
"combat",3
"combination",4
"combine",1
"combined",5
"combo",2
"come",75
"comeback",1
"comedy",8
"comes",27
"comfort",8
"comfortable",14
"comic",6
"comics",1
"comin",0
"coming",54
"command",2
"commander",1
"comment",9
"commentary",1
"commented",0
"comments",10
"commerce",1
"commercial",9
"commercials",1
"commission",2
"commissioner",1
"commissioners",0
"commissions",0
"commit",4
"commitment",5
"committed",12
"committee",5
"committees",0
"committing",1
"common",16
"commonly",1
"communicate",2
"communication",7
"communications",2
"communist",0
"communities",6
"community",21
"companies",15
"companion",1
"company",28
"companys",2
"compare",4
"compared",3
"comparison",3
"compassion",3
"compelling",4
"compensation",1
"compete",5
"competing",4
"competition",6
"competitive",4
"competitors",0
"complain",2
"complained",1
"complaining",0
"complaint",3
"complaints",2
"complete",15
"completed",9
"completely",21
"completing",1
"completion",2
"complex",11
"compliance",1
"complicated",7
"compliment",2
"components",0
"composed",1
"comprehensive",2
"compromise",2
"computer",13
"computers",2
"con",3
"concentrate",2
"concentration",0
"concept",5
"concepts",1
"concern",4
"concerned",11
"concerning",0
"concerns",4
"concert",8
"concerts",2
"concluded",0
"conclusion",1
"conclusions",2
"concrete",4
"condition",6
"conditioning",1
"conditions",6
"conduct",3
"conducted",1
"conference",14
"confession",1
"confidence",13
"confident",10
"confirm",1
"confirmed",6
"conflict",3
"conflicts",1
"confused",9
"confusing",4
"confusion",2
"congrats",1
"congratulations",0
"congress",9
"congressional",2
"congressman",1
"connect",4
"connected",10
"connecticut",1
"connecting",2
"connection",3
"connections",3
"conscious",0
"consciousness",1
"consecutive",2
"consensus",1
"consequences",4
"conservation",1
"conservative",3
"conservatives",3
"consider",18
"consideration",3
"considered",10
"considering",4
"consistency",0
"consistent",5
"consistently",1
"consists",0
"conspiracy",1
"constant",6
"constantly",5
"constitution",2
"constitutional",3
"construction",5
"consultant",1
"consulting",2
"consumed",3
"consumer",3
"consumers",2
"consumption",1
"contact",15
"contacted",0
"contacts",0
"contain",5
"contained",3
"container",2
"containing",0
"contains",1
"contemporary",6
"content",9
"contents",0
"contest",6
"context",4
"continental",2
"continue",13
"continued",4
"continues",5
"continuing",10
"contract",9
"contractor",1
"contractors",0
"contracts",0
"contrary",1
"contrast",4
"contribute",2
"contributed",0
"contribution",2
"contributions",0
"control",29
"controlled",1
"controlling",1
"controls",2
"controversial",1
"controversy",0
"convenience",1
"convenient",1
"convention",2
"conversation",13
"conversations",4
"convert",2
"converted",1
"convicted",2
"conviction",2
"convince",2
"convinced",7
"convincing",1
"cook",7
"cooked",2
"cookie",3
"cookies",7
"cooking",9
"cooks",2
"cool",29
"cooler",6
"coolest",2
"cooper",2
"cooperation",1
"coordinator",0
"cop",2
"copies",4
"copper",1
"cops",2
"copy",6
"copyright",2
"core",8
"corn",7
"corner",5
"corners",2
"corp",1
"corporate",9
"corporation",2
"corporations",0
"corps",1
"correct",6
"correction",1
"correctly",3
"corridor",0
"corrupt",1
"corruption",1
"cos",0
"cost",14
"costly",0
"costs",6
"costume",3
"costumes",2
"cottage",0
"cotton",1
"couch",3
"cough",2
"could",55
"couldnt",14
"couldve",4
"council",9
"councilman",0
"counsel",2
"counseling",2
"count",14
"countdown",0
"counted",2
"counter",4
"counties",0
"counting",3
"countless",0
"countries",10
"country",25
"countrys",2
"counts",5
"county",7
"countys",0
"couple",11
"couples",4
"coupon",1
"coupons",1
"courage",3
"course",11
"courses",4
"court",12
"courtesy",1
"courtroom",1
"courts",1
"cousin",6
"cousins",3
"cover",14
"coverage",9
"covered",11
"covering",3
"covers",4
"cow",4
"cowboy",2
"cowboys",1
"coworkers",3
"cows",2
"cox",1
"coyotes",1
"crab",2
"crack",3
"cracked",1
"cracking",0
"cracks",2
"craft",6
"crafting",0
"crafts",1
"craig",1
"crap",2
"crappy",1
"crash",3
"crashed",2
"craving",1
"crawford",0
"crawl",3
"crazy",31
"cream",10
"creamy",1
"create",15
"created",18
"creates",3
"creating",15
"creation",3
"creations",0
"creative",16
"creativity",5
"creator",2
"creature",2
"creatures",0
"credit",15
"credits",3
"creek",1
"creepy",2
"crew",8
"crews",1
"cricket",1
"cried",4
"crime",7
"crimes",0
"criminal",4
"criminals",2
"crisis",10
"crisp",3
"critic",2
"critical",6
"criticism",4
"criticized",0
"critics",1
"crop",1
"cross",12
"crossed",4
"crossing",2
"crowd",3
"crowded",5
"crowds",3
"crown",3
"crucial",2
"crude",0
"cruel",2
"cruise",4
"crunch",1
"crush",3
"crushed",0
"crust",1
"cruz",2
"cry",7
"crying",7
"crystal",5
"cs",1
"ct",0
"cuban",1
"cubs",1
"cucumber",2
"cuisine",2
"culinary",3
"cultural",4
"culture",11
"cultures",1
"cunningham",0
"cup",10
"cupcake",2
"cupcakes",1
"cups",4
"cure",4
"curiosity",2
"curious",4
"currency",1
"current",14
"currently",10
"curriculum",1
"curry",0
"curse",2
"curtain",1
"curtis",0
"curve",3
"custody",2
"custom",4
"customer",8
"customers",15
"cut",29
"cute",7
"cuts",7
"cutting",8
"cuyahoga",0
"cuz",0
"cycle",3
"cycling",0
"d",13
"da",2
"dad",10
"daddy",4
"dads",4
"daily",13
"dairy",3
"dakota",2
"dale",0
"dallas",5
"dam",1
"damage",9
"damaged",3
"damages",0
"dame",1
"damn",7
"damned",2
"dan",3
"dance",17
"dancer",1
"dancers",2
"dances",0
"dancing",6
"dang",1
"danger",3
"dangerous",11
"daniel",3
"danny",1
"dare",3
"dark",17
"darker",0
"darkness",3
"darling",0
"darn",4
"dash",3
"data",20
"database",1
"date",19
"dates",7
"dating",5
"daughter",10
"daughters",9
"dave",5
"david",14
"davis",4
"dawn",4
"day",124
"days",86
"dayton",1
"dc",5
"de",8
"dead",28
"deadline",3
"deadly",2
"deal",22
"dealer",3
"dealers",1
"dealing",14
"deals",5
"dealt",4
"dean",2
"dear",6
"death",22
"deaths",1
"debate",9
"debt",13
"debut",6
"dec",5
"decade",5
"decades",6
"december",10
"decent",6
"decide",10
"decided",14
"decides",3
"deciding",3
"decision",17
"decisions",12
"deck",6
"declare",1
"declared",3
"decline",3
"declined",0
"declining",1
"decor",0
"decorating",0
"dedicated",7
"dedication",1
"deemed",1
"deep",21
"deeper",6
"deeply",6
"deer",1
"def",0
"default",5
"defeat",2
"defeated",2
"defend",1
"defended",0
"defender",1
"defending",1
"defense",14
"defensive",3
"deficit",3
"define",3
"defined",3
"definitely",26
"definition",1
"degree",10
"degrees",13
"del",3
"delaware",3
"delay",3
"delayed",3
"delays",0
"delegates",1
"delete",0
"deleted",1
"delicate",1
"delicious",12
"delight",1
"delighted",4
"delightful",1
"deliver",6
"delivered",5
"delivering",2
"delivers",0
"delivery",5
"delta",1
"demand",7
"demanded",0
"demanding",0
"demands",1
"demo",0
"democracy",5
"democrat",2
"democratic",4
"democrats",3
"demonstrate",1
"demonstrated",0
"denied",2
"dennis",1
"dental",0
"dentist",1
"denver",4
"deny",6
"department",11
"departments",0
"departure",0
"depend",2
"dependent",0
"depending",0
"depends",4
"depressed",2
"depressing",1
"depression",6
"depth",6
"deputies",1
"deputy",0
"derby",2
"derek",1
"des",1
"describe",3
"described",2
"describes",1
"describing",0
"description",4
"desert",2
"deserve",7
"deserved",3
"deserves",5
"design",12
"designated",2
"designed",6
"designer",8
"designers",6
"designing",1
"designs",3
"desire",8
"desired",2
"desires",1
"desk",6
"desperate",5
"desperately",1
"despite",7
"dessert",5
"desserts",1
"destination",5
"destiny",1
"destroy",3
"destroyed",7
"destruction",2
"detail",7
"detailed",4
"details",13
"detective",1
"determination",2
"determine",4
"determined",4
"detroit",5
"devastating",1
"develop",4
"developed",2
"developer",1
"developers",0
"developing",6
"development",13
"developments",1
"device",4
"devices",6
"devil",1
"devils",1
"devoted",1
"dh",1
"di",0
"diabetes",1
"diagnosed",3
"diagnosis",2
"dialogue",1
"diamond",2
"diane",1
"diaper",1
"diapers",1
"diary",2
"diaz",1
"dick",3
"did",76
"didnt",31
"die",14
"died",16
"diego",1
"dies",1
"diet",6
"difference",9
"differences",1
"different",50
"differently",4
"difficult",21
"difficulties",1
"difficulty",2
"dig",3
"digging",1
"digital",12
"diner",0
"diners",1
"dining",4
"dinner",29
"dip",3
"direct",9
"directed",4
"direction",9
"directions",6
"directly",7
"director",11
"directors",3
"dirt",3
"dirty",6
"disability",0
"disabled",2
"disagree",5
"disappear",2
"disappeared",2
"disappointed",9
"disappointing",2
"disappointment",3
"disaster",4
"disc",1
"disciples",0
"discipline",3
"disclosure",2
"discount",3
"discounts",3
"discover",2
"discovered",9
"discovering",1
"discovery",4
"discrimination",0
"discuss",5
"discussed",5
"discussing",4
"discussion",9
"discussions",4
"disease",9
"disgusting",1
"dish",5
"dishes",4
"dislike",3
"dismissed",0
"disney",8
"disorder",1
"display",7
"displayed",1
"displays",0
"dispute",0
"distance",7
"distant",1
"distinct",2
"distinction",2
"distinctive",0
"distracted",1
"distress",2
"distribution",4
"district",11
"districts",2
"disturbing",3
"dive",4
"diverse",3
"diversity",3
"divide",3
"divided",2
"divine",2
"diving",1
"division",1
"divorce",5
"dj",4
"dna",5
"do",126
"doc",1
"doctor",6
"doctors",5
"document",4
"documentary",3
"documents",1
"dodgers",1
"doe",1
"does",44
"doesnt",31
"dog",18
"dogs",13
"doing",64
"doll",1
"dollar",6
"dollars",8
"dolphins",1
"domain",0
"domestic",3
"dominant",1
"dominated",1
"don",5
"donald",3
"donate",5
"donated",4
"donation",3
"donations",2
"done",58
"donna",0
"donors",1
"dont",65
"donuts",0
"door",16
"doors",8
"dope",0
"dose",4
"dot",0
"double",14
"doubled",1
"doubles",0
"doubt",10
"doubts",3
"doug",1
"dough",5
"douglas",1
"dow",1
"down",190
"download",4
"downloaded",1
"downs",1
"downstairs",1
"downtown",7
"dozen",2
"dozens",0
"dr",11
"draft",7
"drafted",1
"drag",4
"dragon",2
"drain",1
"drake",1
"drama",8
"dramatic",2
"dramatically",1
"drank",2
"draw",9
"drawing",6
"drawn",4
"draws",1
"dream",11
"dreamed",0
"dreaming",3
"dreams",15
"dress",15
"dressed",2
"dresses",3
"dressing",2
"drew",6
"dried",0
"drill",1
"drink",19
"drinking",14
"drinks",11
"drive",25
"driven",3
"driver",10
"drivers",5
"drives",4
"driveway",2
"driving",20
"drop",13
"dropped",11
"dropping",1
"drops",2
"drove",6
"drug",9
"drugs",12
"drum",2
"drummer",2
"drums",2
"drunk",6
"dry",12
"dt",0
"du",2
"duck",2
"ducks",1
"dude",1
"dudes",0
"due",13
"duh",0
"duke",2
"dumb",4
"dump",2
"dumped",2
"duncan",1
"dunk",0
"duo",3
"during",59
"dust",4
"dutch",2
"duties",1
"duty",4
"dvd",5
"dwight",0
"dying",13
"dylan",1
"dynamic",5
"e",7
"each",54
"eager",4
"eagle",0
"eagles",1
"ear",8
"earlier",21
"earliest",1
"early",39
"earn",4
"earned",5
"earning",1
"earnings",0
"earrings",0
"ears",8
"earth",8
"earthquake",2
"ease",4
"easier",17
"easiest",1
"easily",17
"east",14
"easter",7
"eastern",5
"easy",26
"eat",15
"eaten",3
"eating",21
"eats",2
"ebay",2
"ebook",2
"ebooks",2
"economic",7
"economics",1
"economist",2
"economists",0
"economy",10
"ed",5
"eddie",1
"edge",5
"edges",1
"edit",2
"edited",0
"editing",3
"edition",3
"editor",2
"editorial",2
"editors",0
"educate",1
"educated",1
"education",24
"educational",6
"educators",0
"edward",2
"edwards",0
"effect",10
"effective",15
"effectively",2
"effects",4
"efficiency",3
"efficient",4
"effort",11
"efforts",9
"eg",0
"egg",10
"eggs",8
"ego",3
"egypt",3
"eh",0
"eight",8
"eighth",2
"either",46
"el",6
"elaborate",3
"elbow",2
"elderly",3
"elected",3
"election",11
"elections",4
"electric",3
"electrical",1
"electricity",3
"electronic",3
"electronics",1
"elegant",3
"element",3
"elementary",2
"elements",5
"elephant",3
"elevator",2
"eleven",0
"eli",0
"eligible",2
"eliminate",3
"eliminated",1
"eliminating",0
"elite",2
"elizabeth",2
"ellen",1
"ellis",1
"else",25
"elses",3
"elsewhere",2
"em",2
"email",16
"emailed",1
"emails",5
"embarrassed",0
"embarrassing",2
"embassy",1
"embrace",4
"emerge",2
"emerged",1
"emergency",4
"emerging",1
"emily",1
"emma",1
"emotion",3
"emotional",6
"emotionally",0
"emotions",8
"emphasis",2
"empire",1
"employed",1
"employee",2
"employees",6
"employer",4
"employers",0
"employment",1
"empty",13
"en",0
"enable",3
"encounter",3
"encourage",7
"encouraged",4
"encouragement",2
"encouraging",6
"end",39
"endangered",1
"ended",12
"ending",7
"endless",2
"endorsed",1
"endorsement",2
"ends",10
"enemies",4
"enemy",6
"energy",18
"enforcement",1
"engage",4
"engaged",6
"engagement",2
"engaging",6
"engine",4
"engineer",2
"engineering",2
"engineers",1
"engines",0
"england",8
"english",12
"enhance",1
"enjoy",27
"enjoyable",4
"enjoyed",11
"enjoying",10
"enjoys",0
"enormous",1
"enough",74
"enrollment",0
"ensemble",1
"ensure",2
"enter",6
"entered",9
"entering",3
"enterprise",3
"entertaining",6
"entertainment",8
"enthusiasm",4
"entire",8
"entirely",5
"entitled",2
"entrance",3
"entrepreneur",2
"entrepreneurs",1
"entries",3
"entry",4
"environment",9
"environmental",5
"ep",0
"epic",4
"episode",13
"episodes",3
"equal",6
"equality",4
"equally",3
"equipment",3
"equipped",2
"equity",2
"equivalent",2
"er",2
"era",5
"eric",5
"error",4
"errors",0
"ers",2
"escape",2
"escaped",1
"esp",0
"especially",26
"espn",3
"espresso",3
"essay",1
"essence",2
"essential",5
"essentially",1
"essex",0
"est",1
"establish",1
"established",4
"establishment",2
"estate",3
"estimate",2
"estimated",4
"estimates",0
"et",1
"etc",0
"eternal",1
"ethical",2
"ethics",3
"ethnic",3
"etsy",2
"eu",1
"eugene",0
"euro",2
"europe",6
"european",4
"evaluate",1
"evaluation",2
"evans",3
"eve",4
"even",141
"evening",18
"evenings",0
"event",16
"events",19
"eventually",7
"ever",67
"every",102
"everybody",18
"everyday",3
"everyone",58
"everyones",6
"everything",67
"everytime",0
"everywhere",8
"evidence",12
"evil",7
"evolution",2
"evolved",0
"ex",2
"exact",5
"exactly",27
"exam",1
"examine",0
"example",10
"examples",0
"exams",1
"excellence",2
"excellent",10
"except",10
"exception",6
"exceptional",3
"excess",2
"exchange",7
"excited",25
"excitement",5
"exciting",15
"exclusive",4
"excuse",8
"excuses",4
"executed",2
"execution",1
"executive",5
"executives",0
"exercise",8
"exercises",1
"exhausted",0
"exhibit",5
"exhibition",1
"exhibits",1
"exist",9
"existed",0
"existence",4
"existing",4
"exists",3
"exit",4
"exotic",0
"expand",4
"expanded",2
"expanding",4
"expansion",1
"expect",19
"expectation",1
"expectations",9
"expected",13
"expecting",11
"expects",1
"expense",1
"expenses",0
"expensive",16
"experience",44
"experienced",6
"experiences",6
"experiencing",5
"experiment",2
"expert",3
"expertise",1
"experts",1
"explain",9
"explained",3
"explaining",1
"explains",2
"explanation",4
"exploration",0
"explore",3
"exploring",3
"explosion",1
"expo",1
"exposed",1
"exposure",3
"express",3
"expressed",1
"expression",4
"extend",5
"extended",5
"extension",1
"extensive",2
"extent",4
"extra",19
"extraordinary",4
"extreme",9
"extremely",13
"eye",16
"eyes",13
"f",6
"fa",1
"fab",1
"fabric",1
"fabulous",5
"face",27
"facebook",24
"faced",1
"faces",8
"facial",3
"facilities",0
"facility",1
"facing",6
"fact",9
"factor",6
"factors",2
"factory",2
"facts",4
"faculty",3
"fail",8
"failed",12
"failing",6
"fails",2
"failure",6
"failures",0
"fair",19
"fairly",5
"fairy",1
"faith",14
"faithful",2
"fake",7
"fall",34
"fallen",5
"falling",11
"falls",7
"false",7
"fam",0
"fame",3
"familiar",8
"families",11
"family",47
"familys",1
"famous",12
"fan",15
"fancy",6
"fans",23
"fantastic",10
"fantasy",3
"far",26
"fare",0
"farm",4
"farmer",1
"farmers",3
"farms",1
"farther",3
"fascinating",6
"fashion",9
"fast",21
"faster",9
"fastest",1
"fat",14
"fatal",1
"fate",2
"father",7
"fathers",2
"fault",7
"fave",0
"favor",7
"favorite",18
"favorites",3
"fb",0
"fbi",1
"fda",1
"fear",18
"feared",0
"fears",4
"feast",2
"feat",1
"feature",8
"featured",7
"features",3
"featuring",2
"feb",3
"february",8
"fed",5
"federal",7
"federation",1
"fee",4
"feed",8
"feedback",7
"feeding",2
"feel",51
"feeling",28
"feelings",11
"feels",8
"fees",1
"feet",16
"fell",10
"fellow",11
"felony",1
"felt",22
"female",8
"females",1
"fence",2
"ferry",1
"fest",2
"festival",7
"festivals",1
"fever",3
"few",17
"fewer",6
"fiber",2
"fiction",7
"field",20
"fielder",1
"fields",3
"fiesta",1
"fifteen",0
"fifth",4
"fifty",0
"fight",22
"fighter",3
"fighting",15
"fights",1
"figure",18
"figured",6
"figures",0
"figuring",2
"file",4
"filed",3
"files",1
"filing",1
"fill",11
"filled",9
"filling",6
"film",25
"filmed",3
"filming",2
"films",5
"final",19
"finale",2
"finally",26
"finals",2
"finance",2
"finances",3
"financial",10
"financially",0
"financing",0
"find",50
"finding",19
"findings",2
"finds",6
"fine",25
"fines",0
"finest",3
"finger",5
"fingers",5
"finish",13
"finished",20
"finishes",0
"finishing",7
"fire",21
"fired",7
"firefighters",1
"fires",2
"fireworks",2
"firing",0
"firm",7
"firmly",0
"firms",2
"first",77
"firstround",0
"fiscal",3
"fish",10
"fisher",0
"fishing",3
"fit",22
"fitness",5
"fits",3
"fitting",3
"fitzgerald",0
"five",33
"fix",8
"fixed",10
"fixing",1
"fl",1
"fla",0
"flag",5
"flags",4
"flames",2
"flash",3
"flat",6
"flavor",6
"flavors",0
"flaws",1
"fled",1
"fleet",1
"flesh",1
"flew",4
"flexibility",1
"flexible",2
"flies",1
"flight",9
"flights",1
"flip",3
"flipping",1
"float",1
"floating",1
"flood",3
"flooding",1
"floor",12
"floors",1
"florence",3
"florida",9
"flour",1
"flow",4
"flower",4
"flowers",4
"flowing",1
"floyd",1
"flu",3
"fluffy",2
"fluid",0
"fly",8
"flyers",1
"flying",8
"fm",0
"foam",0
"focus",17
"focused",10
"focuses",2
"focusing",4
"foil",4
"fold",3
"folk",1
"folks",15
"follow",27
"followed",12
"follower",1
"followers",5
"following",18
"follows",2
"food",59
"foods",11
"fool",2
"foolish",0
"fools",2
"foot",11
"footage",2
"football",15
"for",1772
"force",12
"forced",6
"forces",8
"forcing",2
"ford",3
"forecast",2
"foreclosure",0
"foreign",6
"forest",4
"forever",15
"forget",12
"forgetting",1
"forgive",5
"forgiveness",2
"forgot",4
"forgotten",9
"fork",2
"form",17
"formal",2
"format",2
"formed",4
"former",16
"formerly",0
"forms",5
"formula",1
"fort",5
"forth",4
"fortunate",4
"fortunately",0
"fortune",5
"forum",4
"forward",20
"foster",2
"fought",6
"foul",1
"found",41
"foundation",3
"foundations",0
"founded",2
"founder",1
"founding",2
"fountain",3
"four",31
"fourth",4
"fouryear",1
"fox",8
"frame",5
"france",6
"franchise",1
"francis",1
"francisco",1
"frank",1
"franklin",4
"frankly",3
"fraud",1
"freak",2
"freaking",0
"fred",1
"free",48
"freedom",10
"freelance",1
"freely",0
"freeze",1
"freezer",2
"freezing",2
"french",13
"frequent",2
"frequently",4
"fresh",18
"freshly",1
"freshman",4
"fri",0
"friday",35
"fridays",2
"fridge",2
"fried",4
"friend",22
"friendly",6
"friends",57
"friendship",5
"fries",4
"fringe",2
"from",687
"front",11
"frosting",1
"frozen",3
"fruit",9
"fruits",6
"frustrated",3
"frustrating",6
"frustration",3
"fry",2
"ft",1
"fudge",0
"fuel",8
"fulfill",1
"full",43
"fulltime",2
"fully",11
"fun",43
"function",2
"functions",0
"fund",7
"fundamental",2
"funded",3
"funding",8
"fundraiser",1
"fundraising",2
"funds",8
"funeral",2
"funk",1
"funniest",1
"funny",17
"furious",2
"furniture",4
"further",14
"future",23
"g",9
"ga",2
"gaga",1
"gain",7
"gained",5
"gaining",1
"gains",0
"gala",1
"galaxy",2
"galleries",3
"gallery",6
"gallon",3
"gallons",1
"gambling",0
"game",67
"games",41
"gaming",2
"gang",2
"gap",1
"gaps",0
"garage",5
"garbage",3
"garcia",0
"garden",9
"gardening",1
"gardens",2
"garlic",8
"gary",3
"gas",13
"gasoline",0
"gate",2
"gates",2
"gather",3
"gathered",2
"gathering",3
"gave",17
"gay",14
"gb",0
"gear",5
"geek",0
"gem",1
"gen",2
"gender",6
"gene",0
"general",9
"generally",3
"generals",3
"generate",3
"generated",1
"generating",1
"generation",9
"generations",1
"generous",6
"genius",3
"genre",1
"gentle",2
"gentleman",2
"gently",0
"genuine",3
"george",10
"georgia",4
"german",3
"germany",5
"gesture",0
"get",110
"gets",23
"getting",78
"ghost",2
"giant",5
"giants",3
"gift",17
"gifted",1
"gifts",7
"gig",4
"gilbert",0
"gin",2
"ginger",5
"gingrich",1
"girl",22
"girlfriend",7
"girlfriends",3
"girls",23
"give",60
"giveaway",0
"given",25
"gives",11
"giving",31
"glad",13
"glass",8
"glasses",3
"glee",1
"glen",0
"glenn",0
"glimpse",2
"glitter",1
"global",12
"globe",3
"glorious",4
"glory",4
"gloves",0
"glow",2
"glue",2
"glued",2
"gm",0
"go",95
"goal",24
"goalie",1
"goals",13
"goat",3
"god",38
"gods",4
"goes",25
"goin",0
"going",112
"gold",13
"golden",8
"golf",9
"gone",32
"gonna",10
"gonzalez",0
"good",131
"goodbye",3
"goodies",1
"goodness",4
"goodnight",0
"goods",4
"google",15
"gop",3
"gordon",1
"gorgeous",6
"gosh",1
"gospel",2
"gossip",1
"got",61
"gotta",5
"gotten",14
"gourmet",0
"gov",2
"government",19
"governments",2
"governor",4
"governors",1
"gps",2
"gr",0
"grab",4
"grabbed",3
"grace",6
"grad",0
"grade",10
"grades",2
"graduate",7
"graduated",2
"graduates",1
"graduating",1
"graduation",3
"graham",1
"grain",2
"grains",2
"grams",0
"grand",9
"grandchildren",0
"grandfather",4
"grandma",3
"grandmother",4
"grandparents",2
"granite",0
"grant",7
"granted",3
"grants",1
"grapes",2
"graphic",2
"graphics",0
"grasp",2
"grass",3
"grateful",8
"gratitude",1
"grave",2
"gravity",1
"gray",6
"great",84
"greater",11
"greatest",6
"greatly",4
"greece",5
"greek",2
"green",25
"greens",1
"greg",2
"gregory",0
"grew",8
"grey",3
"grid",2
"grief",0
"griffin",2
"grill",4
"grilled",3
"grind",2
"grip",3
"grocery",3
"gross",4
"ground",16
"grounds",3
"group",29
"groups",8
"grove",2
"grow",13
"growing",14
"grown",11
"grows",2
"growth",9
"guarantee",6
"guaranteed",1
"guard",7
"guardian",1
"guards",1
"guess",9
"guessing",1
"guest",7
"guests",9
"guidance",2
"guide",5
"guided",1
"guidelines",2
"guides",2
"guilt",2
"guilty",5
"guitar",9
"gulf",1
"gum",1
"gun",6
"guns",4
"guru",0
"gut",3
"guy",30
"guys",24
"gym",2
"h",3
"ha",1
"habit",3
"habitat",1
"habits",3
"hacked",1
"hacking",2
"had",128
"hadnt",8
"hail",0
"hair",18
"haircut",1
"haiti",4
"half",35
"halftime",1
"halfway",3
"hall",10
"halloween",4
"halls",2
"hallway",1
"ham",1
"hamilton",5
"hammer",2
"hand",25
"handed",3
"handful",1
"handle",7
"handled",2
"handles",1
"handling",2
"handmade",0
"hands",17
"handsome",1
"handy",2
"hang",5
"hanging",9
"hangover",2
"hannah",1
"happen",30
"happened",22
"happening",18
"happens",13
"happier",6
"happily",2
"happiness",5
"happy",48
"harbor",2
"hard",44
"harder",12
"hardest",1
"hardly",7
"hardware",1
"harm",3
"harper",1
"harris",0
"harrison",1
"harry",7
"harsh",2
"hart",0
"harvard",3
"harvest",3
"harvey",1
"has",294
"hashtag",0
"hasnt",10
"hat",10
"hate",14
"hated",4
"haters",1
"hates",2
"hating",0
"hatred",1
"hats",2
"haunted",1
"have",274
"havent",11
"having",56
"hawaii",3
"hawks",1
"hay",0
"hayes",0
"hbo",2
"hd",0
"he",387
"head",30
"headache",2
"headed",8
"heading",10
"headline",0
"headlines",1
"headphones",0
"headquarters",1
"heads",5
"heal",3
"healing",3
"health",32
"healthcare",3
"healthier",5
"healthy",17
"hear",24
"heard",28
"hearing",13
"hearings",1
"heart",23
"hearts",7
"heat",18
"heated",2
"heather",0
"heating",0
"heaven",4
"heavenly",1
"heavily",0
"heavy",14
"heck",3
"hed",8
"heels",3
"height",3
"heights",4
"held",19
"helen",0
"helicopter",2
"hell",25
"hello",6
"helmet",3
"help",55
"helped",17
"helpful",9
"helping",16
"helps",10
"hence",0
"henry",2
"her",212
"herb",1
"herbs",2
"here",130
"heres",8
"heritage",4
"hero",5
"heroes",5
"hers",1
"herself",7
"hes",65
"hey",13
"hi",3
"hidden",9
"hide",2
"hiding",6
"high",56
"higher",16
"highest",3
"highland",0
"highlight",3
"highlighted",1
"highlights",1
"highly",10
"highway",3
"hike",2
"hiking",1
"hilarious",0
"hill",5
"hills",3
"hilton",1
"him",176
"himself",20
"hint",4
"hip",5
"hiphop",2
"hire",4
"hired",7
"hiring",1
"his",286
"hispanic",1
"historic",8
"historical",4
"history",29
"hit",44
"hits",6
"hitter",0
"hitting",4
"hm",0
"hmm",0
"ho",1
"hobby",2
"hoboken",0
"hockey",6
"hoe",0
"hold",23
"holder",1
"holding",15
"holds",4
"hole",7
"holes",1
"holiday",14
"holidays",4
"holland",1
"holly",1
"hollywood",4
"holmes",1
"holy",7
"home",105
"homeless",5
"homemade",3
"homeowners",1
"homer",1
"homers",0
"homes",7
"hometown",1
"homework",2
"homicide",0
"honda",1
"honest",7
"honestly",3
"honesty",1
"honey",5
"hong",1
"honor",10
"honored",6
"honors",1
"hood",3
"hook",2
"hooked",2
"hop",2
"hope",40
"hoped",4
"hopeful",1
"hopefully",8
"hopes",6
"hoping",13
"hopkins",2
"hops",0
"horizon",1
"horrible",7
"horror",3
"horse",6
"horses",3
"hospital",9
"hospitality",2
"hospitals",1
"host",8
"hosted",1
"hosting",3
"hosts",0
"hot",41
"hotel",11
"hotels",2
"hottest",1
"hour",22
"hours",52
"house",44
"household",3
"houses",3
"housing",8
"houston",6
"how",174
"howard",4
"howell",0
"however",11
"hows",0
"hp",0
"hr",2
"hs",0
"hub",2
"hubby",0
"hudson",1
"hug",3
"huge",17
"hughes",0
"hugs",1
"huh",2
"human",20
"humanity",4
"humans",6
"humble",3
"humor",1
"hundred",6
"hundreds",6
"hung",3
"hunger",7
"hungry",11
"hunt",5
"hunter",4
"hunters",0
"hunting",3
"hurricane",2
"hurry",2
"hurt",31
"hurting",1
"hurts",4
"husband",9
"husbands",2
"hybrid",1
"hype",1
"i",1360
"ian",1
"ice",15
"iced",0
"icing",1
"icon",2
"iconic",3
"id",45
"idaho",1
"idea",26
"ideal",4
"ideas",21
"identical",1
"identification",0
"identified",1
"identify",3
"identity",5
"idiot",1
"idiots",0
"idol",1
"ie",0
"if",434
"ignorance",0
"ignorant",1
"ignore",7
"ignored",3
"ignoring",3
"ii",3
"il",0
"ill",57
"illegal",12
"illegally",0
"illinois",5
"illness",2
"illustrated",2
"im",209
"ima",0
"image",5
"images",4
"imagination",5
"imagine",12
"imagined",4
"immediate",5
"immediately",7
"immigrant",2
"immigrants",3
"immigration",6
"impact",14
"imperial",1
"implement",2
"implemented",0
"implications",1
"importance",3
"important",30
"importantly",2
"impose",2
"imposed",0
"impossible",12
"impressed",10
"impression",3
"impressive",7
"improve",4
"improved",5
"improvement",6
"improvements",2
"improving",5
"in",2597
"inappropriate",3
"inbox",2
"inc",2
"incentive",2
"incentives",0
"inch",7
"inches",6
"incident",2
"incidents",2
"include",18
"included",10
"includes",6
"including",17
"income",5
"incorporate",1
"incorporated",1
"increase",7
"increased",4
"increases",2
"increasing",5
"increasingly",2
"incredible",9
"incredibly",6
"indeed",8
"independence",2
"independent",6
"index",3
"india",6
"indian",4
"indiana",7
"indianapolis",2
"indians",3
"indicate",2
"indicated",2
"indicates",1
"indication",2
"indictment",0
"indie",3
"individual",9
"individuals",8
"indoor",2
"industrial",3
"industries",1
"industry",13
"indy",0
"inevitable",3
"infection",0
"infinite",1
"inflation",0
"influence",7
"influenced",1
"influences",0
"influential",1
"info",4
"information",29
"informed",8
"infrastructure",0
"ingredients",3
"initial",5
"initially",2
"initiative",1
"initiatives",0
"injured",9
"injuries",4
"injury",7
"ink",2
"inn",1
"inner",5
"inning",3
"innings",1
"innocent",4
"innovation",4
"innovative",4
"input",3
"inquiry",1
"insane",6
"insanity",1
"insert",1
"inside",23
"insight",2
"insights",1
"inspiration",8
"inspire",4
"inspired",12
"inspiring",5
"instagram",0
"install",1
"installed",2
"instance",2
"instances",0
"instant",2
"instantly",3
"instead",14
"institute",4
"institution",2
"institutions",1
"instruction",0
"instructions",1
"instructor",0
"instrument",2
"instruments",1
"insurance",10
"integrity",3
"intellectual",1
"intelligence",4
"intelligent",4
"intend",3
"intended",4
"intense",11
"intensity",1
"intent",2
"intention",3
"intentions",2
"interact",2
"interaction",1
"interactive",2
"interest",18
"interested",21
"interesting",21
"interests",4
"interim",1
"interior",2
"internal",3
"international",13
"internet",11
"internship",2
"interpretation",1
"intersection",1
"interstate",1
"intervention",2
"interview",15
"interviewed",2
"interviews",4
"intimate",2
"into",212
"intrigued",0
"intriguing",1
"introduce",3
"introduced",9
"introducing",0
"introduction",1
"invasion",2
"invented",2
"invest",2
"invested",0
"investigate",2
"investigating",2
"investigation",2
"investigations",0
"investigators",0
"investing",0
"investment",4
"investments",1
"investor",1
"investors",2
"invisible",0
"invitation",1
"invite",4
"invited",9
"inviting",2
"involve",6
"involved",15
"involvement",1
"involves",3
"involving",2
"iowa",5
"ip",0
"ipa",1
"ipad",8
"iphone",7
"ipod",4
"iran",3
"iraq",4
"ireland",3
"irish",4
"iron",6
"ironically",0
"irony",1
"is",1462
"ish",1
"islam",0
"islamic",2
"island",11
"islands",1
"isnt",30
"isolated",1
"israel",8
"israeli",1
"issue",18
"issued",2
"issues",28
"it",979
"italian",8
"italy",4
"itd",0
"item",6
"items",6
"itll",5
"its",487
"itself",10
"itunes",3
"iv",1
"ive",81
"ivy",1
"j",8
"jack",10
"jacket",4
"jackets",1
"jackie",1
"jackson",4
"jacksonville",2
"jacob",0
"jacobs",1
"jail",6
"jake",2
"jam",1
"james",19
"jamie",1
"jan",6
"jane",3
"january",10
"japan",8
"japanese",2
"jar",2
"jared",1
"jason",4
"jay",6
"jazz",7
"jealous",2
"jean",2
"jeans",7
"jeff",3
"jefferson",3
"jeffrey",1
"jelly",2
"jen",0
"jenkins",0
"jennifer",2
"jenny",0
"jeremy",1
"jerk",2
"jerry",1
"jersey",3
"jerusalem",2
"jesse",1
"jessica",2
"jesus",10
"jet",5
"jets",2
"jewelry",2
"jewish",4
"jews",2
"jim",7
"jimmy",3
"jk",0
"jo",0
"joan",0
"job",44
"jobs",21
"joe",9
"joel",1
"joes",2
"joey",0
"john",30
"johnny",3
"johns",4
"johnson",2
"join",8
"joined",8
"joining",8
"joins",0
"joint",3
"joke",4
"jokes",3
"jon",0
"jonathan",1
"jones",5
"jordan",3
"jose",2
"joseph",2
"josh",4
"joshua",2
"journal",2
"journalism",4
"journalist",1
"journalists",3
"journey",8
"joy",10
"jr",4
"juan",1
"judge",8
"judges",1
"judging",1
"judgment",1
"judicial",1
"judy",1
"juice",8
"juicy",2
"julia",0
"julie",1
"july",19
"jump",10
"jumped",3
"jumping",3
"june",15
"junior",7
"junk",2
"jurors",0
"jury",3
"just",246
"justice",13
"justin",4
"juvenile",1
"k",10
"kansas",4
"karaoke",1
"karen",1
"karl",0
"karma",1
"kate",2
"kathy",1
"katie",1
"kay",0
"kc",0
"keen",2
"keep",33
"keeping",23
"keeps",9
"keith",0
"kelly",3
"ken",1
"kennedy",3
"kenny",0
"kent",1
"kentucky",6
"kept",22
"kevin",7
"key",16
"keyboard",2
"keynote",2
"keys",4
"kick",9
"kicked",6
"kicking",2
"kickoff",1
"kicks",2
"kid",16
"kidding",4
"kidney",2
"kids",49
"kill",13
"killed",16
"killer",3
"killing",10
"kills",3
"kim",2
"kind",44
"kinda",2
"kindergarten",0
"kindle",3
"kindly",0
"kindness",2
"kinds",8
"king",14
"kingdom",3
"kings",4
"kirk",1
"kiss",6
"kisses",0
"kit",2
"kitchen",6
"kitty",0
"knee",6
"knees",6
"knew",17
"knicks",2
"knife",4
"knight",2
"knitting",1
"knock",4
"knocked",6
"knocking",1
"know",54
"knowing",10
"knowledge",16
"known",26
"knows",18
"kobe",0
"kong",1
"korea",3
"korean",3
"kudos",0
"kurt",0
"ky",2
"kyle",1
"l",5
"la",19
"lab",5
"label",3
"labels",2
"labor",7
"labour",0
"lace",1
"lack",12
"lacking",1
"ladder",2
"laden",1
"ladies",4
"lady",10
"laid",8
"lake",8
"lakers",2
"lakes",2
"lamb",2
"lame",2
"land",12
"landed",4
"landing",1
"lands",0
"landscape",2
"lane",4
"lanes",1
"language",12
"languages",4
"lap",4
"laptop",4
"large",21
"largely",1
"larger",8
"largest",4
"larry",0
"las",4
"last",134
"lasted",3
"lasting",0
"lasts",2
"late",39
"lately",4
"later",44
"latest",6
"latin",3
"latino",1
"latter",1
"laugh",11
"laughed",4
"laughing",4
"laughs",4
"laughter",1
"launch",7
"launched",7
"launching",1
"laundry",2
"laura",3
"lauren",2
"law",19
"lawmakers",1
"lawn",3
"lawrence",2
"laws",3
"lawsuit",1
"lawsuits",0
"lawyer",4
"lawyers",2
"lay",4
"layer",1
"layers",2
"laying",3
"layout",2
"lazy",3
"lb",0
"lbs",1
"le",4
"lead",16
"leader",7
"leaders",12
"leadership",4
"leading",11
"leads",4
"leaf",2
"league",13
"leagues",1
"leak",2
"lean",2
"leap",2
"learn",18
"learned",16
"learning",26
"lease",2
"least",6
"leather",1
"leave",33
"leaves",9
"leaving",17
"lebron",2
"lecture",2
"led",8
"lee",4
"left",62
"leftover",1
"leg",9
"legacy",6
"legal",11
"legally",1
"legend",3
"legendary",3
"legislation",3
"legislative",2
"legislators",0
"legislature",1
"legit",1
"legitimate",1
"legs",9
"lemon",7
"lemonade",1
"lenders",1
"lending",0
"length",3
"lengthy",1
"lens",2
"lent",1
"leo",2
"leonard",1
"les",1
"lesbian",3
"less",49
"lesson",6
"lessons",4
"let",46
"lets",29
"letter",9
"letters",6
"letting",8
"lettuce",1
"level",26
"levels",8
"levy",1
"lewis",0
"liberal",4
"liberals",3
"liberty",6
"librarian",1
"librarians",0
"libraries",3
"library",11
"license",7
"licensed",1
"licenses",0
"lid",1
"lie",7
"lied",1
"lies",5
"life",88
"lifelong",1
"lifes",1
"lifestyle",6
"lifetime",3
"lift",4
"lifted",1
"lifting",2
"light",30
"lighter",2
"lighting",2
"lightly",0
"lightning",4
"lights",10
"like",256
"liked",13
"likely",17
"likes",7
"likewise",0
"liking",1
"lil",2
"lily",0
"lime",5
"limit",7
"limited",12
"limits",5
"lincoln",5
"linda",0
"line",35
"linebacker",0
"lined",0
"lines",13
"lineup",4
"lining",2
"link",8
"linked",2
"linkedin",1
"linking",1
"links",4
"lion",2
"lions",4
"lip",2
"lips",6
"liquid",3
"liquor",4
"lisa",3
"list",26
"listed",3
"listen",15
"listened",3
"listening",13
"listing",2
"lists",3
"lit",2
"literacy",0
"literally",11
"literary",3
"literature",5
"little",58
"live",50
"lived",14
"liver",4
"lives",16
"living",31
"liz",0
"llc",1
"lmfao",0
"lo",2
"load",4
"loaded",2
"loads",0
"loan",4
"loans",3
"lobby",3
"local",29
"locally",0
"locals",3
"locate",1
"located",3
"location",12
"locations",6
"lock",4
"locked",9
"locker",4
"lodge",1
"log",4
"logic",1
"logical",2
"logo",2
"london",8
"lone",2
"lonely",4
"long",58
"longer",15
"longest",1
"longterm",3
"longtime",1
"look",70
"looked",18
"lookin",0
"looking",60
"looks",18
"loop",2
"loose",4
"lopez",2
"lord",5
"los",8
"lose",20
"loser",2
"loses",2
"losing",13
"loss",13
"losses",1
"lost",51
"lot",5
"lots",16
"lottery",1
"lou",0
"loud",13
"loudly",1
"louis",3
"louisiana",2
"louisville",1
"lounge",1
"love",71
"loved",22
"lovely",11
"lover",1
"lovers",4
"loves",6
"loving",7
"low",25
"lower",12
"lowest",2
"loyal",3
"loyalty",2
"lt",0
"lucas",2
"luck",10
"luckily",0
"lucky",19
"luggage",2
"luis",1
"luke",1
"lunch",20
"lung",0
"lungs",3
"luther",1
"luxury",4
"lying",6
"lynch",0
"lynn",0
"lyrics",1
"m",3
"ma",0
"mac",4
"machine",4
"machines",1
"mad",11
"made",76
"madison",5
"madness",2
"madonna",0
"magazine",8
"magazines",0
"magic",10
"magical",2
"mail",5
"main",12
"maine",3
"mainly",3
"mainstream",5
"maintain",3
"maintained",0
"maintaining",2
"maintenance",4
"major",21
"majority",5
"majors",1
"make",81
"maker",2
"makers",2
"makes",29
"makeup",3
"making",58
"male",11
"males",0
"mall",5
"malt",0
"mama",1
"man",56
"manage",6
"managed",4
"management",11
"manager",8
"managers",1
"manages",0
"managing",1
"manchester",2
"mandate",3
"mandatory",0
"manhattan",5
"manner",1
"manning",2
"mans",6
"mansion",2
"manual",2
"manufacturers",0
"manufacturing",1
"many",66
"map",4
"maple",0
"maps",3
"mar",1
"marathon",3
"marc",2
"march",29
"marcus",0
"margarita",1
"margin",1
"maria",0
"marie",0
"marijuana",0
"marilyn",0
"marine",1
"mario",2
"mark",14
"marked",2
"marker",2
"markers",0
"market",26
"marketing",10
"markets",7
"marks",2
"marriage",14
"married",16
"marry",4
"mars",3
"marshall",1
"martha",3
"martin",11
"marvel",2
"mary",7
"maryland",4
"mask",1
"mason",2
"mass",9
"massachusetts",3
"massage",1
"massive",5
"master",6
"masters",6
"mat",2
"match",12
"matched",1
"matches",4
"matching",3
"mate",2
"material",6
"materials",1
"math",7
"matt",6
"matter",17
"matters",8
"matthew",1
"matthews",1
"mature",5
"max",4
"maximum",2
"may",67
"maybe",45
"mayo",3
"mayor",9
"mayors",1
"mb",0
"mccain",1
"mccoy",0
"mcdonalds",4
"mcmillan",0
"md",1
"me",267
"meal",9
"meals",1
"mean",24
"meaning",8
"meaningful",3
"means",24
"meant",13
"meantime",1
"meanwhile",0
"measure",5
"measured",2
"measures",0
"measuring",0
"meat",10
"med",2
"medal",2
"media",18
"medicaid",0
"medical",11
"medicare",1
"medication",1
"medications",0
"medicine",5
"medina",0
"meditation",1
"medium",4
"meet",23
"meeting",27
"meetings",6
"meets",3
"mega",1
"megan",1
"melissa",2
"melt",3
"melted",2
"member",16
"members",29
"membership",3
"memo",3
"memoir",1
"memorable",2
"memorial",3
"memories",12
"memory",13
"memphis",5
"men",40
"mens",3
"mental",5
"mentally",3
"mention",12
"mentioned",9
"mentioning",1
"mentions",0
"mentor",4
"menu",4
"mercury",1
"mercy",2
"mere",2
"merely",4
"merger",0
"merit",0
"merry",2
"mesa",0
"mess",7
"message",13
"messages",3
"messed",2
"messy",3
"met",21
"metal",6
"metaphor",2
"meter",1
"meters",0
"method",1
"methods",1
"metro",5
"mets",3
"mexican",6
"mexico",5
"meyer",1
"mg",0
"mi",0
"mia",1
"miami",6
"mic",2
"michael",9
"michelle",2
"michigan",5
"microsoft",3
"mid",3
"middle",9
"midnight",10
"mids",1
"midst",1
"midwest",1
"might",27
"mighty",2
"mike",12
"mild",4
"mile",3
"miles",19
"military",10
"milk",11
"mill",2
"miller",3
"million",30
"millions",4
"mills",0
"milwaukee",2
"min",0
"mind",20
"minds",6
"mine",14
"mini",5
"minimal",2
"minimum",3
"minister",2
"ministers",1
"ministry",1
"minneapolis",1
"minnesota",3
"minor",4
"minority",2
"mins",0
"mint",4
"minus",0
"minute",11
"minutes",48
"miracle",3
"miracles",1
"mirror",3
"miserable",1
"miss",22
"missed",17
"misses",2
"missing",19
"mission",10
"mississippi",3
"missouri",3
"mistake",8
"mistakes",10
"mitchell",0
"mitt",0
"mix",9
"mixed",9
"mixer",0
"mixing",1
"mixture",1
"mlb",1
"mls",1
"mm",3
"mo",1
"mob",1
"mobile",11
"mock",3
"mode",1
"model",7
"models",2
"moderate",2
"modern",11
"modest",1
"mold",0
"molly",1
"mom",20
"moment",16
"moments",10
"momentum",3
"momma",0
"mommy",3
"moms",8
"monday",25
"mondays",2
"money",66
"monica",1
"monitor",2
"monitoring",0
"monkey",2
"monroe",2
"monster",3
"monsters",1
"montana",2
"month",18
"monthly",3
"months",42
"mood",4
"moon",6
"moore",1
"moral",4
"more",282
"morgan",4
"morning",28
"mornings",4
"morris",0
"mortgage",5
"most",94
"mostly",12
"mother",14
"mothers",14
"motion",5
"motivated",4
"motivation",3
"motor",3
"motorcycle",3
"motors",0
"mount",3
"mountain",7
"mountains",1
"mouse",3
"mouth",9
"move",33
"moved",17
"movement",8
"movements",1
"moves",6
"movie",24
"movies",23
"moving",33
"mp",1
"mph",4
"mr",16
"mrs",3
"ms",5
"mt",1
"much",74
"mud",1
"multiple",11
"mum",0
"municipal",0
"murder",8
"murdered",3
"murders",1
"murphy",1
"murray",2
"muscle",3
"muscles",1
"museum",8
"museums",5
"mushrooms",0
"music",56
"musical",8
"musician",1
"musicians",4
"muslim",2
"muslims",1
"must",27
"mustard",3
"mutual",2
"mvp",1
"my",406
"myself",44
"mysterious",3
"mystery",3
"n",5
"na",0
"nah",0
"nail",4
"nails",2
"naked",3
"name",39
"named",18
"names",6
"nancy",2
"nap",2
"narrative",1
"narrow",3
"nascar",2
"nashville",4
"nasty",4
"nate",0
"nathan",0
"nation",6
"national",16
"nationally",0
"nationals",1
"nations",5
"nationwide",3
"native",3
"natural",17
"naturally",2
"nature",13
"navy",2
"nba",2
"nbc",0
"nc",2
"ncaa",3
"nd",8
"ne",0
"near",31
"nearby",3
"nearly",13
"neat",4
"necessarily",3
"necessary",12
"neck",8
"necklace",0
"need",64
"needed",27
"needing",1
"needless",0
"needs",34
"negative",5
"negotiate",1
"negotiations",1
"neighbor",5
"neighborhood",8
"neighborhoods",1
"neighbors",7
"neil",2
"neither",7
"nelson",2
"nephew",2
"nerve",1
"nerves",2
"nervous",16
"nest",3
"net",7
"netflix",1
"nets",1
"network",14
"networking",2
"networks",2
"neutral",1
"nevada",1
"never",68
"nevertheless",0
"new",149
"newark",2
"newest",2
"newly",1
"news",38
"newsletter",4
"newspaper",5
"newspapers",2
"newt",2
"next",91
"nfl",6
"nhl",1
"nice",27
"nicely",3
"nicer",2
"nick",5
"nickname",2
"nicole",1
"niece",3
"night",51
"nightmare",3
"nights",17
"nike",1
"nine",7
"ninth",1
"nite",0
"nixon",0
"nj",3
"no",213
"noble",3
"nobody",10
"nod",3
"noise",3
"nominated",3
"nomination",2
"nominee",1
"non",0
"none",10
"nonetheless",1
"nonprofit",3
"nonsense",2
"noodles",0
"noon",7
"nope",1
"nor",1
"norm",1
"normal",14
"normally",7
"norman",1
"north",19
"northeast",2
"northern",4
"northwest",4
"nose",10
"not",236
"notable",0
"note",16
"notebook",1
"noted",1
"notes",8
"nothing",63
"notice",13
"noticed",13
"noting",1
"notion",1
"notre",3
"nov",5
"novel",11
"novels",3
"november",9
"now",189
"nowadays",0
"nowhere",4
"np",0
"nuclear",6
"nuggets",1
"number",29
"numbers",9
"numerous",3
"nurse",3
"nurses",1
"nursing",3
"nut",1
"nutrition",2
"nuts",8
"nw",1
"ny",2
"nyc",2
"o",5
"oak",4
"oakland",2
"oatmeal",0
"obama",21
"obamas",10
"obesity",2
"object",1
"objective",2
"objects",3
"obligation",1
"observation",2
"observe",1
"observed",1
"obsessed",4
"obsession",1
"obtain",1
"obtained",1
"obvious",21
"obviously",13
"occasion",3
"occasional",1
"occasionally",1
"occasions",2
"occupied",0
"occupy",3
"occur",5
"occurred",3
"occurs",1
"ocean",5
"oclock",1
"oct",6
"october",9
"odd",6
"oddly",1
"odds",1
"of",2072
"off",187
"offense",8
"offensive",1
"offer",12
"offered",13
"offering",8
"offerings",0
"offers",7
"office",27
"officer",7
"officers",4
"offices",3
"official",10
"officially",10
"officials",2
"offseason",2
"offset",1
"often",31
"oh",21
"ohio",9
"ohios",0
"oil",12
"ok",25
"okay",9
"oklahoma",4
"ol",2
"old",59
"older",18
"oldest",2
"olive",6
"oliver",0
"olympic",2
"olympics",4
"on",1404
"once",56
"one",303
"ones",25
"onetime",0
"ongoing",2
"onion",3
"onions",5
"online",37
"only",126
"ontario",1
"onto",9
"ooh",0
"oops",0
"open",48
"opened",9
"opener",1
"opening",17
"openly",1
"opens",5
"opera",3
"operate",1
"operated",1
"operates",0
"operating",1
"operation",2
"operations",1
"operator",1
"opinion",8
"opinions",4
"opponent",3
"opponents",1
"opportunities",10
"opportunity",12
"oppose",1
"opposed",2
"opposing",2
"opposite",5
"opposition",2
"opted",0
"optimistic",2
"option",10
"optional",1
"options",14
"or",619
"oral",0
"orange",11
"orchestra",2
"order",18
"ordered",8
"ordering",1
"orders",4
"ordinance",0
"ordinary",4
"oregon",5
"organic",5
"organization",7
"organizations",7
"organize",1
"organized",5
"organizers",1
"organizing",2
"orientation",1
"origin",2
"original",9
"originally",2
"orioles",1
"orlando",3
"orleans",1
"os",0
"oscar",2
"oscars",1
"ot",0
"other",82
"others",39
"otherwise",10
"ouch",0
"ought",3
"ounce",3
"our",214
"ours",3
"ourselves",6
"out",446
"outcome",3
"outcomes",1
"outdoor",4
"outdoors",1
"outer",3
"outfit",2
"outfits",0
"outing",1
"outlet",2
"outlets",2
"outlook",0
"outs",1
"outside",46
"outstanding",4
"outta",0
"oven",1
"over",203
"overall",6
"overcome",4
"overhaul",0
"overly",1
"overnight",4
"overseas",1
"oversight",1
"overtime",1
"overwhelmed",4
"overwhelming",5
"owe",3
"owl",1
"own",22
"owned",7
"owner",5
"owners",8
"ownership",2
"owns",4
"oxford",3
"oxygen",2
"oz",4
"p",1
"pa",2
"pace",8
"pacers",0
"pacific",3
"pack",4
"package",4
"packages",0
"packaging",1
"packed",5
"packers",2
"packing",4
"packs",1
"pad",2
"pads",2
"page",20
"pages",9
"paid",27
"pain",16
"painful",11
"paint",9
"painted",5
"painting",7
"paintings",1
"pair",5
"paired",1
"pairs",1
"pakistan",2
"palace",1
"pale",2
"palin",1
"palm",5
"palmer",0
"pan",5
"pancakes",1
"pandora",0
"panel",3
"panels",1
"panic",4
"panthers",1
"pants",6
"papa",0
"paper",10
"papers",4
"paperwork",1
"par",2
"parade",4
"paradise",2
"parallel",0
"parent",8
"parenting",1
"parents",23
"paris",6
"park",24
"parked",3
"parker",0
"parking",7
"parks",4
"parkway",2
"parliament",2
"part",75
"partially",2
"participants",1
"participate",2
"participated",2
"participating",6
"participation",2
"particular",7
"particularly",3
"parties",12
"partly",1
"partner",9
"partners",2
"partnership",4
"parts",14
"parttime",1
"party",42
"partys",1
"pass",21
"passage",2
"passed",17
"passenger",2
"passengers",3
"passes",4
"passing",11
"passion",8
"passionate",5
"password",0
"past",28
"pasta",3
"paste",1
"pastor",2
"pastry",0
"pat",3
"patch",0
"patent",1
"path",6
"pathetic",0
"paths",2
"patience",6
"patient",6
"patients",7
"patio",3
"patrick",1
"patricks",2
"patriots",1
"patrol",1
"patrons",1
"pattern",1
"patterns",0
"paul",13
"pauls",0
"pause",1
"pay",30
"paying",18
"payment",4
"payments",1
"payne",0
"payroll",1
"pays",3
"pc",1
"peace",16
"peaceful",6
"peak",5
"peanut",2
"pearl",4
"pearls",0
"pee",1
"peek",2
"peel",4
"peers",3
"pen",2
"penalties",0
"penalty",3
"pencil",2
"pending",2
"penguins",2
"penn",2
"pennsylvania",1
"penny",3
"pens",0
"pension",0
"people",213
"peoples",9
"pepper",8
"peppers",4
"per",18
"perceived",0
"percent",13
"percentage",1
"perception",5
"perez",0
"perfect",22
"perfection",3
"perfectly",3
"perform",6
"performance",21
"performances",3
"performed",1
"performers",2
"performing",6
"perhaps",10
"period",14
"periods",0
"permanent",5
"permanently",1
"permission",0
"permit",1
"permits",0
"permitted",1
"perry",3
"person",41
"personal",23
"personality",4
"personally",6
"personnel",2
"persons",6
"perspective",10
"pet",4
"pete",1
"peter",7
"peters",0
"petition",2
"pets",2
"petty",1
"peyton",0
"pg",1
"phase",2
"phil",2
"philadelphia",3
"philip",0
"phillies",2
"phillips",0
"philly",2
"philosophy",2
"phoenix",4
"phone",19
"phones",8
"photo",9
"photograph",1
"photographer",2
"photographs",0
"photography",3
"photos",18
"phrase",5
"physical",10
"physically",3
"physician",1
"physics",1
"piano",7
"pic",0
"pick",26
"picked",18
"picking",9
"picks",6
"pickup",4
"picnic",3
"pics",0
"picture",13
"pictures",9
"pie",10
"piece",18
"pieces",15
"pierce",1
"pies",3
"pig",3
"pile",3
"pill",2
"pillow",2
"pills",1
"pilot",3
"pilots",1
"pin",1
"pinch",1
"pine",3
"pineapple",1
"pink",7
"pint",1
"pinterest",1
"pioneer",1
"pipe",2
"pipeline",3
"pirate",1
"pirates",2
"pissed",1
"pit",3
"pitch",6
"pitched",1
"pitcher",2
"pitchers",0
"pitches",0
"pitching",3
"pittsburgh",4
"pizza",10
"place",67
"placed",5
"placement",3
"places",31
"placing",2
"plain",5
"plan",31
"plane",4
"planes",1
"planet",5
"planned",11
"planning",23
"plans",24
"plant",5
"planted",3
"planting",1
"plants",4
"plastic",9
"plate",6
"plates",4
"platform",2
"play",54
"played",22
"player",22
"players",28
"playground",1
"playing",57
"playlist",2
"playoff",1
"playoffs",2
"plays",9
"plaza",1
"plea",1
"pleasant",4
"please",28
"pleased",9
"pleasure",6
"pledge",0
"plenty",14
"plot",2
"plug",5
"plus",11
"pm",31
"pocket",7
"pockets",2
"podcast",1
"poem",2
"poems",2
"poetry",4
"point",42
"pointed",2
"pointing",2
"points",24
"poised",0
"poison",2
"poker",2
"pole",2
"police",12
"policies",1
"policy",12
"polish",4
"political",19
"politically",0
"politician",2
"politicians",3
"politics",11
"poll",3
"polls",2
"pollution",1
"pond",1
"pool",7
"poor",13
"poorly",2
"pop",9
"popcorn",2
"pope",0
"popped",1
"popping",0
"pops",1
"popular",17
"popularity",2
"population",4
"porch",3
"pork",6
"porn",1
"port",1
"porter",2
"portfolio",3
"portion",1
"portland",10
"pose",3
"position",14
"positions",1
"positive",15
"possession",1
"possibilities",3
"possibility",4
"possible",29
"possibly",13
"post",19
"postal",1
"posted",10
"poster",2
"posters",2
"posting",8
"posts",6
"postseason",1
"pot",5
"potato",5
"potatoes",6
"potential",19
"potentially",4
"potter",1
"pound",3
"pounds",9
"pour",2
"poured",0
"pouring",3
"poverty",3
"powder",3
"powell",0
"power",33
"powerful",11
"powers",3
"pp",0
"pr",2
"practical",2
"practically",3
"practice",17
"practiced",1
"practices",3
"practicing",3
"praise",3
"praised",0
"pray",6
"prayed",2
"prayer",6
"prayers",6
"praying",3
"precious",5
"precise",1
"precisely",0
"predators",0
"predict",2
"predicted",1
"prefer",11
"preferred",3
"pregnancy",3
"pregnant",9
"preliminary",0
"premier",2
"premiere",2
"premise",1
"premium",2
"prep",3
"preparation",3
"prepare",6
"prepared",11
"preparing",4
"preschool",1
"prescription",1
"presence",4
"present",17
"presentation",5
"presentations",0
"presented",6
"presenting",1
"presents",0
"preservation",2
"preserve",2
"president",24
"presidential",5
"presidents",1
"press",8
"pressed",1
"pressing",2
"pressure",10
"pretend",4
"pretending",0
"pretty",55
"prevent",3
"prevented",1
"prevention",2
"preview",4
"previous",6
"previously",3
"price",23
"priced",2
"prices",10
"pricing",0
"pride",6
"priest",2
"priests",0
"primarily",0
"primary",8
"prime",5
"prince",5
"princess",3
"principal",1
"principle",3
"principles",2
"print",9
"printed",3
"printing",1
"prints",2
"prior",4
"priorities",0
"priority",4
"prison",6
"privacy",4
"private",17
"privilege",2
"prize",7
"prizes",2
"pro",6
"probably",47
"probation",2
"probe",0
"problem",19
"problems",33
"procedure",0
"procedures",0
"proceed",0
"proceedings",1
"proceeds",3
"process",22
"processed",2
"processes",1
"processing",2
"produce",10
"produced",10
"producer",5
"producers",2
"produces",0
"producing",4
"product",9
"production",15
"productions",0
"productive",6
"productivity",1
"products",18
"profession",2
"professional",9
"professionals",3
"professor",3
"profile",4
"profit",5
"profits",2
"profound",1
"program",19
"programming",2
"programs",8
"progress",13
"progressive",2
"project",25
"projected",3
"projects",15
"prom",4
"prominent",2
"promise",10
"promised",4
"promises",5
"promising",3
"promo",0
"promote",5
"promoted",2
"promoting",2
"promotion",4
"prompted",0
"pronounced",2
"proof",6
"proper",5
"properly",4
"properties",2
"property",9
"proposal",3
"proposals",0
"proposed",1
"proposition",0
"props",1
"pros",2
"prosecutor",0
"prosecutors",0
"prospect",1
"prospects",3
"protect",3
"protected",3
"protecting",6
"protection",2
"protective",1
"protein",2
"protest",4
"protesters",1
"protests",2
"proud",19
"prove",5
"proved",3
"proven",5
"proves",2
"provide",11
"provided",3
"provider",3
"providers",2
"provides",1
"providing",9
"province",1
"proving",1
"provision",0
"ps",0
"psalm",0
"psychological",2
"psychology",1
"pt",0
"pub",2
"public",33
"publication",2
"publicity",1
"publicly",0
"publish",1
"published",6
"publisher",3
"publishers",1
"publishing",2
"pubs",0
"puck",1
"pudding",0
"puerto",3
"pujols",1
"pull",11
"pulled",12
"pulling",7
"pulls",2
"pump",5
"pumped",1
"pumpkin",3
"punch",3
"punched",1
"punishment",4
"punk",4
"puppy",2
"purchase",6
"purchased",6
"purchases",1
"purchasing",4
"pure",8
"purple",5
"purpose",11
"purposes",3
"purse",5
"pursue",1
"pursuing",2
"pursuit",4
"push",10
"pushed",4
"pushing",6
"pussy",0
"put",60
"puts",8
"putting",25
"q",2
"qb",1
"quake",1
"qualified",2
"qualify",2
"qualities",2
"quality",16
"quarter",10
"quarterback",2
"quarters",0
"queen",5
"queens",5
"quest",2
"question",33
"questioned",1
"questioning",2
"questions",29
"quick",18
"quicker",1
"quickly",14
"quiet",14
"quietly",1
"quilt",1
"quirky",0
"quit",8
"quite",36
"quote",5
"quoted",1
"quotes",1
"r",5
"rabbit",1
"race",19
"races",2
"rachel",2
"racial",3
"racing",3
"racism",2
"racist",5
"rack",2
"radar",2
"radiation",0
"radical",2
"radio",13
"rage",3
"raid",1
"raiders",1
"rail",3
"railroad",0
"rain",15
"rainbow",2
"raining",2
"rains",1
"rainy",2
"raise",10
"raised",12
"raises",3
"raising",7
"rally",3
"ralph",0
"rams",1
"ran",9
"ranch",0
"random",10
"randomly",1
"randy",1
"rang",1
"range",10
"ranger",0
"rangers",3
"ranging",0
"rank",2
"ranked",1
"ranking",0
"ranks",1
"rant",0
"rap",2
"rape",3
"rapid",2
"rapidly",0
"rapper",1
"rare",9
"rarely",9
"rate",12
"rated",2
"rates",8
"rather",14
"rating",2
"ratings",2
"ratio",1
"rational",2
"rats",1
"ravens",1
"raw",5
"ray",3
"raymond",0
"rays",1
"rb",1
"rbi",1
"rbis",1
"rd",7
"re",2
"reach",16
"reached",13
"reaches",1
"reaching",7
"react",3
"reaction",7
"reactions",1
"read",42
"reader",3
"readers",11
"reading",31
"reads",3
"ready",28
"reagan",2
"real",51
"realistic",4
"reality",10
"realize",13
"realized",8
"realizing",4
"really",109
"rear",2
"reason",26
"reasonable",5
"reasonably",1
"reasons",15
"rebecca",1
"rebound",2
"rebounds",1
"rebuild",1
"recall",6
"recalled",0
"recalls",0
"receive",13
"received",13
"receiver",2
"receivers",0
"receives",1
"receiving",7
"recent",13
"recently",13
"reception",3
"recession",3
"recipe",5
"recipes",4
"recognition",5
"recognize",9
"recognized",7
"recommend",11
"recommendation",2
"recommendations",3
"recommended",3
"recommends",0
"record",14
"recorded",4
"recording",8
"recordings",0
"records",8
"recover",1
"recovered",3
"recovering",2
"recovery",6
"recreation",1
"recruit",1
"recruiting",2
"recycling",2
"red",29
"reds",1
"reduce",6
"reduced",5
"reducing",2
"reduction",1
"reed",0
"reelection",2
"refer",4
"reference",6
"references",1
"referred",1
"referring",2
"refers",1
"reflect",2
"reflected",1
"reflection",1
"reflects",2
"reform",4
"reforms",0
"refreshing",3
"refrigerator",1
"refund",3
"refuse",4
"refused",4
"regard",3
"regarded",1
"regarding",3
"regardless",3
"regards",2
"regime",1
"region",3
"regional",2
"regions",3
"register",5
"registered",3
"registration",3
"regret",3
"regular",10
"regularly",1
"regulation",1
"regulations",1
"regulators",0
"regulatory",0
"rehab",2
"rehearsal",1
"rejected",0
"rejection",1
"relate",2
"related",7
"relation",2
"relations",4
"relationship",11
"relationships",9
"relative",2
"relatively",2
"relatives",1
"relax",2
"relaxed",0
"relaxing",4
"relay",2
"release",13
"released",8
"releases",1
"releasing",2
"relevant",3
"reliable",3
"relief",8
"religion",9
"religious",5
"reluctant",0
"rely",1
"remain",9
"remained",1
"remaining",3
"remains",7
"remarkable",4
"remarks",2
"remember",28
"remembered",7
"remembering",1
"remembers",3
"remind",5
"reminded",7
"reminder",2
"reminding",1
"reminds",3
"remix",0
"remote",2
"removal",0
"remove",4
"removed",6
"removing",1
"renewal",4
"renewed",1
"renovation",0
"rent",6
"rental",3
"reopen",3
"rep",2
"repair",1
"repairs",1
"repeat",7
"repeated",0
"repeatedly",2
"replace",6
"replaced",5
"replacement",2
"replacing",1
"replay",0
"replied",4
"reply",2
"report",12
"reported",3
"reportedly",2
"reporter",4
"reporters",2
"reporting",3
"reports",5
"represent",4
"representation",0
"representative",1
"representatives",1
"represented",0
"representing",1
"represents",5
"reps",0
"republic",2
"republican",4
"republicans",3
"reputation",6
"request",9
"requested",2
"requests",1
"require",12
"required",6
"requirement",2
"requirements",0
"requires",2
"requiring",1
"rescue",5
"research",26
"researchers",1
"reservation",3
"reservations",1
"reserve",4
"reserved",2
"reserves",0
"residence",4
"resident",3
"residential",1
"residents",5
"resigned",0
"resist",3
"resistance",2
"resolution",2
"resolve",1
"resolved",2
"resort",4
"resource",5
"resources",10
"respect",11
"respected",1
"respectively",0
"respond",6
"responded",5
"responding",2
"response",9
"responses",0
"responsibilities",1
"responsibility",9
"responsible",11
"rest",12
"restaurant",12
"restaurants",7
"restore",1
"restored",5
"restrictions",0
"result",7
"resulted",1
"resulting",1
"results",15
"resume",5
"retail",5
"retailers",2
"retain",1
"retire",2
"retired",4
"retirement",5
"retiring",1
"retreat",0
"return",19
"returned",7
"returning",6
"returns",2
"retweet",0
"reunion",2
"rev",1
"reveal",3
"revealed",2
"reveals",1
"revelation",0
"revenge",4
"revenue",4
"revenues",0
"reverse",4
"review",13
"reviewed",2
"reviewing",3
"reviews",6
"revised",0
"revolution",6
"revolutionary",2
"reward",5
"rewarding",1
"rewards",2
"rhythm",3
"ribbon",3
"ribs",4
"rice",8
"rich",10
"richard",4
"richards",0
"richardson",1
"richmond",2
"rick",6
"rid",4
"ride",20
"rider",2
"riders",2
"rides",2
"ridge",2
"ridiculous",8
"ridiculously",3
"riding",15
"right",132
"rights",17
"riley",0
"rim",1
"ring",7
"rings",3
"rio",1
"rip",2
"ripe",3
"ripped",0
"rise",5
"risen",2
"rises",1
"rising",5
"risk",11
"risks",3
"rite",0
"ritual",1
"rival",1
"rivals",0
"river",7
"rivers",1
"road",18
"roads",4
"roast",2
"roasted",2
"rob",2
"robbed",2
"robbery",2
"robert",7
"roberts",1
"robin",0
"robinson",0
"rock",24
"rocked",0
"rocket",3
"rockies",0
"rockin",1
"rocking",0
"rocks",2
"rocky",3
"rode",3
"rodgers",1
"rodriguez",1
"roger",2
"rogers",0
"role",19
"roles",3
"roll",10
"rolled",2
"roller",2
"rolling",9
"rolls",3
"roman",2
"romance",3
"romans",2
"romantic",3
"rome",2
"romney",8
"romneys",2
"ron",6
"ronald",1
"rondo",2
"roof",2
"rookie",2
"room",56
"roommate",3
"rooms",6
"root",4
"roots",2
"rope",2
"rose",8
"roses",5
"ross",1
"roster",1
"rotation",4
"rough",5
"roughly",3
"round",15
"rounds",4
"route",4
"routes",0
"routine",5
"row",6
"rows",2
"roy",1
"royal",2
"rt",0
"rub",3
"rubber",3
"ruby",1
"rude",1
"ruin",2
"ruined",1
"rule",13
"ruled",2
"rules",9
"ruling",2
"rum",0
"rumor",1
"rumors",1
"run",50
"runner",3
"runners",0
"running",38
"runs",13
"runway",2
"rural",3
"rush",6
"rushed",1
"rushing",1
"russell",1
"russia",4
"russian",3
"russo",0
"rutgers",1
"ryan",7
"s",34
"sa",0
"sacks",0
"sacramento",3
"sacred",2
"sacrifice",5
"sad",18
"sadly",0
"sadness",5
"safe",20
"safely",3
"safer",2
"safety",10
"said",79
"saint",4
"saints",3
"sake",2
"salad",11
"salaries",1
"salary",4
"sale",9
"salem",1
"sales",11
"sally",1
"salmon",2
"salon",3
"salsa",4
"salt",7
"salty",3
"salvation",3
"sam",6
"same",8
"samesex",0
"sample",2
"samples",3
"samuel",0
"san",14
"sanchez",1
"sand",4
"sandwich",2
"sandwiches",1
"sandy",0
"sang",5
"santa",11
"santorum",2
"sara",0
"sarah",3
"sat",9
"satisfaction",1
"satisfied",2
"satisfy",1
"satisfying",3
"saturday",29
"saturdays",1
"sauce",13
"sausage",3
"save",17
"saved",8
"saves",2
"saving",5
"savings",6
"saw",23
"say",65
"saying",33
"says",32
"sb",1
"sc",1
"scale",5
"scan",1
"scandal",3
"scare",1
"scared",10
"scary",11
"scattered",1
"scenario",3
"scene",10
"scenes",2
"scent",1
"schedule",13
"scheduled",8
"scheme",1
"scholars",2
"scholarship",1
"school",67
"schools",21
"science",12
"sciences",1
"scientific",2
"scientist",2
"scientists",2
"scoop",1
"scope",2
"score",12
"scored",5
"scores",3
"scoring",2
"scotland",2
"scott",7
"scottsdale",2
"scout",2
"scouts",1
"scrap",1
"scratch",1
"scream",5
"screaming",6
"screen",9
"screening",2
"screens",0
"screw",2
"script",3
"scripture",0
"scrutiny",0
"sculpture",2
"sd",0
"se",1
"sea",8
"seafood",1
"seal",2
"sealed",0
"sean",1
"search",12
"searched",0
"searching",8
"season",44
"seasonal",2
"seasoned",2
"seasons",8
"seat",11
"seating",0
"seats",9
"seattle",6
"seau",1
"sec",1
"second",25
"secondary",2
"seconds",16
"secret",9
"secretary",3
"secretly",3
"secrets",2
"section",11
"sections",1
"sector",3
"secure",2
"secured",1
"securities",0
"security",15
"see",65
"seed",2
"seeds",3
"seeing",28
"seek",10
"seeking",6
"seeks",2
"seem",22
"seemed",9
"seemingly",2
"seems",22
"seen",33
"sees",6
"segment",2
"seized",1
"select",4
"selected",6
"selection",7
"self",11
"sell",15
"selling",18
"sells",3
"semester",4
"semifinals",0
"seminar",3
"sen",0
"senate",3
"senator",2
"senators",1
"send",19
"sending",11
"sends",1
"senior",7
"seniors",3
"sensation",0
"sense",23
"senses",1
"sensitive",2
"sent",16
"sentence",7
"sentenced",2
"sentences",0
"sentiment",1
"separate",5
"separated",0
"separately",0
"sept",2
"september",8
"sequence",1
"serial",1
"series",19
"serious",23
"seriously",17
"serve",12
"served",11
"server",4
"servers",1
"serves",3
"service",36
"services",16
"serving",13
"session",11
"sessions",5
"set",44
"seth",1
"sets",6
"setting",13
"settings",1
"settle",2
"settled",4
"settlement",2
"settling",0
"setup",1
"seven",13
"seventh",1
"several",28
"severe",5
"severely",3
"sewing",1
"sex",19
"sexual",8
"sexually",1
"sexy",5
"sf",0
"sgt",0
"shade",2
"shades",3
"shadow",3
"shadows",2
"shake",4
"shakespeare",2
"shaking",5
"shall",6
"shallow",2
"shame",5
"shane",0
"shape",10
"shaped",1
"shapes",1
"share",25
"shared",9
"shareholders",0
"shares",2
"sharing",10
"shark",1
"sharks",1
"sharp",3
"she",207
"shed",1
"sheep",3
"sheer",1
"sheet",3
"sheets",1
"shelf",3
"shell",5
"shells",1
"shelter",5
"shelves",3
"sheriff",2
"sheriffs",1
"shes",32
"shift",3
"shifted",0
"shifting",3
"shifts",0
"shine",4
"shining",0
"shiny",1
"ship",6
"shipped",3
"shipping",4
"ships",2
"shirt",4
"shirts",2
"shock",3
"shocked",4
"shocking",3
"shoe",4
"shoes",12
"shook",0
"shoot",7
"shooting",7
"shoots",0
"shop",15
"shoppers",1
"shopping",14
"shops",2
"shore",5
"short",28
"shorter",2
"shortly",1
"shorts",3
"shot",27
"shots",10
"should",68
"shoulder",9
"shoulders",3
"shouldnt",10
"shouldve",1
"shout",1
"shoutout",1
"show",72
"showcase",2
"showed",12
"shower",5
"showers",2
"showing",14
"shown",8
"shows",35
"shrimp",4
"shut",14
"shuttle",3
"shy",2
"siblings",2
"sick",22
"side",36
"sides",4
"sidewalk",1
"sierra",1
"sigh",1
"sight",6
"sign",19
"signal",2
"signals",0
"signature",2
"signatures",0
"signed",15
"significance",2
"significant",6
"significantly",3
"signing",5
"signs",9
"silence",3
"silent",5
"silly",5
"silver",6
"similar",16
"similarly",0
"simmer",0
"simon",1
"simple",18
"simply",22
"simpson",2
"simultaneously",1
"sin",2
"since",70
"sing",9
"singapore",2
"singer",7
"singers",0
"singing",10
"single",18
"singles",1
"sings",3
"sink",4
"sins",1
"sip",2
"sir",5
"sis",1
"sister",10
"sisters",6
"sit",15
"site",18
"sites",10
"sits",3
"sitting",18
"situation",11
"situations",6
"six",26
"sixth",1
"size",15
"sized",0
"sizes",2
"sketch",3
"skies",2
"skill",4
"skillet",1
"skills",12
"skin",10
"skinny",3
"skip",3
"skirt",1
"sky",5
"skype",0
"slam",1
"slap",2
"slavery",1
"sleep",19
"sleeping",12
"sleepy",2
"slept",3
"slice",3
"sliced",1
"slices",1
"slide",2
"slight",2
"slightly",12
"slim",1
"slip",3
"slipped",1
"slot",2
"slow",21
"slowed",0
"slower",2
"slowly",4
"small",38
"smaller",8
"smallest",1
"smart",19
"smarter",2
"smartphone",3
"smash",1
"smell",10
"smells",3
"smile",9
"smiled",2
"smiles",4
"smiling",4
"smith",6
"smiths",1
"smoke",10
"smoked",2
"smoking",8
"smooth",7
"smoothly",2
"snack",2
"snacks",4
"snake",2
"snap",3
"snapped",0
"sneak",3
"snow",9
"so",484
"soap",2
"socalled",3
"soccer",5
"social",28
"society",13
"socks",1
"soda",3
"sodium",0
"soft",5
"softball",1
"software",6
"soil",2
"solar",4
"sold",22
"soldier",2
"soldiers",5
"sole",1
"solely",3
"solid",8
"solo",4
"solution",5
"solutions",1
"solve",4
"solved",4
"some",233
"somebody",13
"someday",6
"somehow",9
"someone",68
"someones",5
"something",104
"sometime",0
"sometimes",32
"somewhat",6
"somewhere",11
"son",15
"song",24
"songs",25
"sons",5
"soon",27
"sooner",2
"sophisticated",2
"sophomore",3
"sore",2
"sorry",13
"sort",12
"sorts",2
"sought",1
"soul",11
"souls",3
"sound",21
"sounded",4
"sounding",2
"sounds",8
"soundtrack",1
"soup",12
"sour",2
"source",7
"sources",8
"south",23
"southeast",0
"southern",7
"southwest",1
"sox",3
"soy",0
"sp",1
"spa",3
"space",38
"spaces",4
"spain",5
"spam",0
"span",2
"spanish",7
"spare",2
"spark",2
"speak",15
"speaker",5
"speakers",2
"speaking",13
"speaks",5
"special",37
"specialist",1
"specials",1
"specialty",0
"species",5
"specific",12
"specifically",0
"spectacular",3
"spectrum",2
"speculation",2
"speech",7
"speed",11
"spell",6
"spelling",1
"spencer",1
"spend",18
"spending",18
"spends",2
"spent",23
"spice",3
"spices",2
"spicy",2
"spider",1
"spike",0
"spin",2
"spinach",3
"spinning",0
"spirit",10
"spirits",4
"spiritual",5
"spit",2
"spite",1
"splash",1
"split",5
"spoke",5
"spoken",3
"spokesman",1
"spokeswoman",0
"sponsor",3
"sponsored",2
"sponsors",1
"spoon",2
"sport",8
"sporting",4
"sports",21
"spot",20
"spotlight",2
"spots",4
"spotted",2
"spouse",2
"spray",4
"spread",7
"spreading",2
"spring",25
"springs",2
"sprinkle",0
"sprint",1
"spurs",2
"squad",1
"square",17
"squash",4
"squeeze",1
"sr",0
"ss",1
"st",27
"stability",0
"stable",1
"stack",2
"stadium",3
"staff",16
"stage",12
"stages",2
"stairs",3
"stake",2
"stakes",1
"stamp",2
"stamped",0
"stamps",1
"stance",0
"stand",23
"standard",4
"standards",7
"standing",15
"stands",5
"stanford",1
"stanley",2
"star",22
"starbucks",3
"stare",3
"staring",3
"stark",2
"starring",1
"stars",10
"start",54
"started",38
"starter",2
"starters",1
"starting",29
"starts",10
"startup",2
"starving",1
"stash",2
"state",55
"stated",2
"statement",9
"statements",3
"states",14
"statewide",0
"stating",2
"station",12
"stations",4
"statistics",1
"stats",3
"statue",2
"status",7
"stay",27
"stayed",7
"staying",15
"stays",2
"steadily",0
"steady",6
"steak",5
"steal",4
"stealing",4
"steam",2
"steel",4
"steelers",1
"steep",1
"stem",0
"step",20
"stephanie",1
"stephen",3
"stepped",3
"stepping",2
"steps",10
"stern",2
"steve",5
"steven",2
"stewart",1
"stick",11
"sticker",2
"stickers",1
"sticking",1
"sticks",1
"sticky",2
"still",79
"stimulus",0
"stir",3
"stirring",0
"stitch",1
"stock",7
"stocks",1
"stoked",0
"stole",4
"stolen",5
"stomach",6
"stone",8
"stones",3
"stood",3
"stop",41
"stopped",17
"stopping",2
"stops",2
"storage",4
"store",29
"stored",1
"stores",5
"stories",25
"storm",9
"storms",2
"story",37
"storytelling",3
"stout",2
"straight",17
"strain",0
"strained",0
"strange",10
"stranger",2
"strangers",2
"strategic",1
"strategies",1
"strategy",5
"strawberries",2
"strawberry",2
"streak",4
"stream",3
"streaming",0
"streams",0
"street",20
"streets",3
"strength",7
"strengthen",2
"strengths",2
"stress",5
"stressed",3
"stressful",7
"stretch",5
"stretched",0
"strict",1
"strictly",2
"strike",6
"strikes",3
"striking",2
"string",2
"strings",3
"strip",6
"stroke",2
"strong",23
"stronger",11
"strongest",1
"strongly",3
"struck",3
"structure",2
"structures",2
"struggle",6
"struggled",1
"struggles",1
"struggling",3
"stuck",17
"student",17
"students",41
"studied",1
"studies",9
"studio",9
"studios",3
"study",12
"studying",6
"stuff",29
"stuffed",3
"stumbled",0
"stunning",5
"stupid",13
"style",16
"styles",3
"sub",1
"subject",9
"subjects",0
"submission",1
"submit",6
"submitted",3
"subsequent",1
"substance",1
"substantial",1
"substitute",0
"subtle",2
"suburban",2
"suburbs",1
"subway",3
"succeed",3
"succeeded",2
"success",17
"successful",18
"successfully",1
"such",60
"suck",2
"sucked",1
"sucks",2
"sudden",4
"suddenly",8
"sue",2
"sued",2
"suffer",3
"suffered",1
"suffering",4
"sufficient",3
"sugar",11
"suggest",4
"suggested",5
"suggesting",2
"suggestion",3
"suggestions",5
"suggests",1
"suicide",3
"suit",9
"suite",1
"suits",3
"sullivan",1
"sum",3
"summary",2
"summer",25
"summers",0
"summit",2
"sun",5
"sunday",34
"sundays",5
"sunny",5
"suns",1
"sunset",5
"sunshine",3
"super",14
"superintendent",0
"superior",3
"supervisor",0
"supplies",4
"supply",2
"support",44
"supported",3
"supporter",1
"supporters",5
"supporting",9
"supportive",2
"supports",3
"suppose",2
"supposed",15
"supposedly",0
"supreme",2
"sure",36
"surely",6
"surf",1
"surface",2
"surgery",9
"surprise",16
"surprised",14
"surprises",2
"surprising",6
"surprisingly",4
"surrender",0
"surrounded",4
"surrounding",2
"surveillance",1
"survey",3
"surveys",0
"survival",4
"survive",4
"survived",4
"survivor",1
"survivors",1
"susan",3
"sushi",2
"suspect",6
"suspected",1
"suspects",0
"suspended",4
"suspension",2
"suspicion",0
"suspicious",1
"sustainable",2
"sustained",0
"swallow",1
"swap",3
"swear",2
"sweat",6
"sweater",2
"sweep",4
"sweeping",0
"sweet",23
"sweetie",0
"sweetness",3
"swept",1
"swift",1
"swim",5
"swimming",6
"swing",4
"swiss",2
"switch",5
"switched",2
"sxsw",1
"sydney",1
"symbol",2
"symphony",2
"symptoms",3
"syndrome",1
"syracuse",2
"syria",2
"syrup",1
"system",30
"systems",3
"t",7
"tab",1
"table",14
"tables",2
"tablet",4
"tackle",4
"tackles",0
"taco",1
"tacos",2
"tactics",0
"tad",1
"tag",5
"tags",0
"tail",3
"take",77
"taken",25
"takes",14
"taking",46
"tale",3
"talent",14
"talented",10
"talents",3
"tales",2
"talk",35
"talked",13
"talking",40
"talks",6
"tall",11
"tampa",3
"tan",3
"tank",4
"tap",1
"tape",6
"target",8
"targeted",2
"targets",0
"tart",1
"task",8
"tasks",2
"taste",13
"tasted",4
"tastes",3
"tasting",3
"tasty",3
"tattoo",2
"tattoos",3
"taught",13
"tavern",2
"tax",14
"taxes",9
"taxi",2
"taxpayers",0
"taylor",6
"tea",17
"teach",9
"teacher",14
"teachers",16
"teaches",3
"teaching",13
"team",51
"teammate",1
"teammates",3
"teams",20
"tear",5
"tears",8
"teaspoon",0
"tech",5
"technical",2
"technically",3
"technique",1
"techniques",1
"technologies",1
"technology",13
"ted",4
"teddy",1
"tee",2
"teen",6
"teenage",2
"teenager",2
"teenagers",1
"teens",3
"teeth",9
"telephone",0
"television",8
"tell",36
"telling",27
"tells",7
"temperature",2
"temperatures",0
"temple",2
"temporary",3
"tempted",2
"ten",10
"tend",4
"tendency",2
"tender",1
"tends",2
"tennessee",3
"tennis",3
"tens",0
"tension",1
"tent",2
"tenure",1
"tequila",2
"term",8
"terminal",0
"terms",6
"terrible",11
"terribly",2
"terrific",2
"territory",1
"terror",3
"terrorism",1
"terrorist",0
"terry",1
"test",19
"testament",2
"tested",4
"testified",0
"testimony",1
"testing",5
"tests",7
"texans",0
"texas",12
"text",11
"texted",1
"texting",0
"texts",3
"texture",2
"th",35
"thai",3
"than",108
"thank",20
"thankful",4
"thankfully",0
"thanks",27
"thanksgiving",7
"that",1343
"thatll",1
"thats",122
"the",2602
"theater",7
"theaters",2
"theatre",2
"theft",2
"their",240
"theirs",3
"them",231
"theme",5
"themes",0
"themselves",14
"then",120
"theory",6
"therapist",3
"therapy",3
"there",273
"therefore",2
"theres",57
"these",95
"they",353
"theyd",6
"theyll",10
"theyre",44
"theyve",9
"thick",4
"thin",7
"thing",56
"things",114
"think",57
"thinking",51
"thinks",9
"third",14
"thirty",0
"this",709
"thomas",8
"thompson",2
"thoroughly",2
"those",101
"thou",1
"though",53
"thought",43
"thoughtful",2
"thoughts",11
"thousand",5
"thousands",6
"thread",1
"threat",5
"threaten",1
"threatened",3
"threatening",2
"threats",0
"three",54
"threw",3
"thrilled",6
"throat",4
"through",110
"throughout",1
"throw",13
"throwing",9
"thrown",7
"throws",1
"thru",1
"thumb",4
"thumbs",3
"thunder",2
"thursday",20
"thursdays",3
"thus",1
"thy",0
"ticket",7
"tickets",16
"tie",4
"tied",8
"ties",1
"tiger",3
"tigers",3
"tight",5
"til",1
"till",4
"tim",7
"timbers",0
"time",160
"timeline",0
"times",57
"timing",4
"timothy",0
"tin",1
"tiny",10
"tip",4
"tips",4
"tire",1
"tired",20
"tires",1
"tissue",1
"titanic",3
"title",7
"titled",0
"titles",1
"to",2447
"toast",2
"toasted",1
"tobacco",0
"today",121
"todays",13
"todd",1
"toddler",2
"toe",2
"toes",4
"together",63
"toilet",4
"tokyo",2
"told",45
"toll",2
"tom",10
"tomato",5
"tomatoes",3
"tommy",3
"tomorrow",17
"tomorrows",1
"ton",1
"tone",4
"tongue",5
"tonight",21
"tonights",2
"tons",1
"tony",6
"too",157
"took",24
"tool",3
"tools",6
"top",26
"topic",4
"topics",2
"topped",1
"topping",0
"tops",1
"torn",3
"tornado",2
"toronto",2
"torture",2
"toss",2
"tossed",1
"total",10
"totally",19
"touch",12
"touchdowns",0
"touched",7
"touches",2
"touching",3
"tough",16
"tour",17
"touring",1
"tourism",0
"tourist",2
"tourists",1
"tournament",3
"tourney",1
"tours",0
"toward",7
"towards",5
"towel",2
"tower",3
"towers",2
"town",25
"towns",1
"township",0
"toxic",1
"toy",3
"toyota",2
"toys",3
"trace",0
"track",18
"tracking",1
"tracks",5
"trade",12
"traded",3
"trading",3
"tradition",2
"traditional",5
"traditionally",1
"traditions",0
"traffic",10
"tragedy",4
"tragic",3
"trail",4
"trailer",2
"trails",1
"train",5
"trained",5
"trainer",3
"training",15
"trains",4
"transfer",4
"transferred",1
"transform",2
"transformation",1
"transformed",2
"transit",2
"transition",5
"translate",2
"translation",2
"transport",1
"transportation",4
"trap",2
"trapped",2
"trash",4
"trauma",2
"travel",13
"traveled",2
"travelers",0
"traveling",8
"travels",0
"travis",0
"trayvon",4
"treasure",2
"treasury",2
"treat",11
"treated",5
"treating",2
"treatment",6
"treatments",1
"treats",5
"tree",14
"trees",7
"tremendous",2
"trend",6
"trending",0
"trends",2
"trenton",0
"trial",8
"trials",2
"tribe",2
"tribune",1
"tribute",3
"trick",4
"tricks",1
"tricky",4
"tried",22
"tries",4
"trigger",2
"trillion",2
"trilogy",1
"trim",2
"trio",1
"trip",19
"triple",3
"trips",6
"trivia",0
"troops",5
"trophy",4
"tropical",2
"trouble",15
"troubled",2
"troubles",1
"troy",0
"truck",7
"trucks",1
"true",37
"truly",21
"trust",19
"trusted",2
"trustees",1
"truth",10
"try",45
"trying",62
"tshirt",3
"tshirts",2
"tsunami",2
"tub",3
"tube",3
"tucked",0
"tucson",2
"tuesday",14
"tuesdays",2
"tuition",0
"tumblr",0
"tuna",3
"tune",5
"tuned",1
"tunes",3
"tunnel",2
"turkey",7
"turn",29
"turned",22
"turner",0
"turning",14
"turnout",0
"turns",7
"tutorial",0
"tv",24
"tvs",1
"tweet",4
"tweeted",4
"tweeting",0
"tweets",4
"twelve",2
"twenty",1
"twice",11
"twilight",5
"twin",2
"twins",1
"twist",3
"twisted",2
"twitter",15
"two",119
"ty",3
"tying",0
"tyler",2
"type",14
"types",7
"typical",3
"typically",2
"typing",1
"u",14
"ua",0
"uc",1
"ucla",2
"ugh",0
"ugly",8
"uh",0
"ui",0
"uk",4
"ultimate",1
"ultimately",5
"um",0
"un",2
"unable",3
"unacceptable",2
"unbelievable",3
"uncertainty",1
"uncle",4
"unclear",1
"uncomfortable",4
"under",44
"underground",2
"underneath",0
"understand",28
"understanding",8
"understands",3
"understood",3
"underway",1
"underwear",1
"unemployed",1
"unemployment",5
"unexpected",2
"unfair",4
"unfortunate",4
"unfortunately",5
"unhappy",0
"unified",1
"uniform",3
"union",9
"unions",2
"unique",13
"unit",5
"united",6
"units",0
"unity",2
"universal",6
"universe",4
"universities",1
"university",15
"universitys",0
"unknown",5
"unless",7
"unlike",3
"unlikely",2
"unnecessary",1
"until",69
"unto",0
"unusual",3
"unwanted",1
"up",422
"upcoming",5
"update",4
"updated",2
"updates",6
"upgrade",3
"upload",0
"upon",14
"upper",5
"ups",3
"upset",12
"upside",3
"upstairs",1
"ur",0
"urban",8
"urge",3
"urged",0
"us",149
"usa",3
"usc",1
"use",67
"used",50
"useful",8
"useless",1
"user",2
"users",10
"uses",6
"using",40
"usual",7
"usually",17
"utah",4
"utility",1
"utterly",2
"v",3
"va",3
"vacant",0
"vacation",10
"vague",2
"valentine",2
"valentines",2
"valid",3
"valley",10
"valuable",8
"value",14
"valued",1
"values",2
"vampire",3
"van",7
"vancouver",4
"vanilla",3
"varieties",1
"variety",3
"various",10
"vary",1
"vast",2
"vegan",4
"vegas",3
"vegetable",3
"vegetables",2
"vegetarian",1
"veggie",1
"veggies",1
"vehicle",6
"vehicles",1
"velvet",2
"vendors",2
"venture",3
"venue",4
"venues",1
"verdict",1
"verizon",1
"verse",2
"version",11
"versions",1
"versus",0
"very",91
"veteran",2
"veterans",1
"via",3
"vibe",2
"vibrant",2
"vice",3
"victim",3
"victims",4
"victor",0
"victoria",0
"victories",1
"victory",10
"video",27
"videos",5
"vietnam",3
"view",14
"viewed",3
"viewers",0
"viewing",3
"views",8
"vikings",1
"village",6
"vincent",1
"vinegar",6
"vintage",6
"vinyl",1
"violated",0
"violation",3
"violations",0
"violence",5
"violent",6
"vip",2
"virgin",3
"virginia",7
"virtual",3
"virtually",0
"virtue",0
"virus",1
"visa",1
"visible",2
"vision",8
"visit",21
"visited",5
"visiting",13
"visitor",2
"visitors",4
"visits",3
"vista",0
"visual",4
"vital",3
"vitamin",2
"vocal",0
"vocals",4
"vodka",2
"voice",16
"voices",7
"volleyball",0
"volume",5
"volunteer",3
"volunteers",4
"von",0
"vote",14
"voted",7
"voter",0
"voters",5
"votes",6
"voting",5
"vs",2
"vulnerable",0
"w",6
"wa",0
"wade",2
"wage",1
"wages",0
"wait",28
"waited",3
"waiting",24
"wake",12
"waking",1
"walk",19
"walked",8
"walker",4
"walking",20
"walks",5
"wall",10
"wallace",0
"wallet",2
"walls",3
"walmart",4
"walt",0
"walter",0
"wanna",2
"want",52
"wanted",23
"wanting",5
"wants",19
"war",21
"ward",4
"wardrobe",3
"warehouse",1
"warm",15
"warmer",5
"warming",2
"warmth",3
"warned",3
"warner",2
"warning",5
"warrant",1
"warren",1
"warrior",3
"warriors",1
"wars",3
"was",504
"wash",6
"washed",1
"washing",1
"washington",12
"wasnt",14
"waste",9
"wasted",1
"watch",30
"watched",16
"watches",3
"watching",43
"water",43
"waters",1
"watson",1
"wave",6
"waves",3
"way",75
"wayne",0
"ways",30
"we",529
"weak",5
"weakness",0
"wealth",4
"wealthy",2
"weapon",3
"weapons",2
"wear",17
"wearing",19
"wears",2
"weather",21
"web",10
"webinar",0
"website",13
"websites",1
"wed",8
"wedding",14
"weddings",0
"wednesday",14
"wednesdays",2
"wee",1
"weed",3
"weeds",0
"week",45
"weekend",28
"weekends",6
"weekly",7
"weeks",34
"weigh",1
"weighed",0
"weight",20
"weird",13
"welcome",15
"welcomed",0
"welcoming",3
"welfare",2
"well",133
"wellknown",0
"wells",1
"wen",0
"went",39
"were",232
"werent",10
"west",19
"western",6
"wet",7
"weve",27
"what",278
"whatever",20
"whats",41
"wheat",2
"wheel",2
"wheels",3
"when",470
"whenever",3
"where",146
"whereas",0
"wheres",1
"wherever",4
"whether",23
"which",135
"while",93
"whilst",0
"whip",2
"whipped",1
"whiskey",4
"white",34
"whites",3
"whitney",0
"who",262
"whoa",0
"whoever",3
"whole",15
"whom",5
"whore",1
"whos",12
"whose",7
"why",89
"wi",0
"wicked",2
"wide",10
"widely",3
"wider",2
"widespread",0
"wife",12
"wifi",3
"wikipedia",0
"wild",8
"wildlife",3
"will",358
"william",4
"williams",4
"willing",9
"willingness",2
"wilson",3
"win",37
"wind",6
"window",8
"windows",7
"winds",3
"windy",2
"wine",22
"wines",3
"wing",5
"wings",7
"winner",7
"winners",4
"winning",15
"wins",7
"winter",17
"wire",3
"wireless",3
"wisconsin",7
"wisdom",3
"wise",6
"wish",17
"wished",3
"wishes",7
"wishing",4
"wit",1
"witch",3
"with",1162
"within",16
"without",74
"witness",2
"witnessed",2
"witnesses",2
"wives",3
"woke",4
"wolf",3
"wolves",2
"woman",20
"womans",4
"women",41
"womens",9
"won",22
"wonder",15
"wondered",7
"wonderful",22
"wonderfully",2
"wondering",14
"wonders",5
"wont",22
"woo",1
"wood",7
"wooden",4
"woods",2
"woody",1
"word",29
"words",31
"wore",3
"work",117
"worked",22
"worker",4
"workers",9
"workforce",1
"working",64
"workout",6
"workouts",0
"workplace",1
"works",22
"workshop",3
"workshops",0
"world",47
"worlds",3
"worldwide",2
"worn",2
"worried",14
"worries",2
"worry",8
"worrying",4
"worse",24
"worship",2
"worst",6
"worth",25
"worthwhile",2
"worthy",5
"would",134
"wouldnt",16
"wouldve",6
"wound",1
"wounded",1
"wounds",2
"wow",5
"wr",0
"wrap",3
"wrapped",1
"wrapping",2
"wrestling",1
"wright",2
"wrist",2
"write",18
"writer",6
"writers",7
"writes",3
"writing",32
"written",20
"wrong",37
"wrote",10
"wtf",0
"x",9
"xd",0
"xo",0
"xx",0
"y",1
"ya",2
"yahoo",3
"yall",1
"yankees",2
"yard",8
"yards",3
"yarn",1
"ye",0
"yea",0
"yeah",7
"year",59
"yearold",6
"years",90
"yeast",0
"yell",2
"yelled",2
"yelling",1
"yellow",4
"yep",0
"yes",31
"yesterday",14
"yesterdays",2
"yet",46
"yield",1
"yikes",0
"yo",1
"yoga",7
"yogurt",1
"york",1
"yorks",1
"you",622
"youd",6
"youll",25
"young",38
"younger",9
"youngest",1
"your",308
"youre",71
"yours",14
"yourself",29
"yourselves",1
"youth",9
"youtube",8
"youve",24
"yr",0
"yrs",0
"yu",0
"yum",0
"yummy",0
"yup",0
"z",3
"zero",6
"zimmerman",4
"zombie",1
"zombies",2
"zone",11
"zones",1
"zoo",1
